id,name
1,Joshua Allen
2,Eric Bailey
3,Sean Tanner
4,Amy Barker
5,Megan Pruitt
6,Travis Martin
7,Jennifer Harris
8,Cheryl Webb
9,David King
10,Rachel Guerrero
11,Darlene Smith
12,Desiree Neal
13,George Edwards
14,Jennifer Pearson
15,David Hood
16,Carl Torres
17,Marcus Blackburn
18,Holly Christian MD
19,Elizabeth Roth
20,Thomas Blake
21,Juan Gould
22,Alex Jenkins
23,Spencer Rodriguez
24,Roger Anderson
25,Michael Spencer
26,Anthony Green
27,Henry Yoder
28,Mrs. Courtney Brown
29,Katherine Robertson
30,Helen Hunter
31,Scott Johnson
32,Sarah Thomas
33,Alyssa Woodward
34,Christopher Allison
35,Diamond Hill MD
36,Maria Yang
37,Sarah Reed
38,Michael Flores
39,Chris Bates
40,Joseph Tucker
41,Lauren Barr
42,Melissa Ruiz
43,Carol Stevens
44,Karen King
45,Abigail Chavez
46,Monica Lambert
47,Joshua Riley
48,Michael Perez
49,Katherine Fields
50,Michelle Dunlap
51,Heidi Brown
52,Sarah Johnson
53,Andrew Crawford
54,David Fritz
55,Kelli Ford
56,Robert Hernandez
57,Ryan Brown
58,Jeffrey Lee
59,Charles Bailey
60,Lisa Daniels
61,Linda Cross
62,Jessica Wilson
63,Tyler Preston
64,Stephen Rivera
65,Samuel Miller
66,Robert Williamson
67,Bobby Taylor
68,Randall Lee
69,Mary Young
70,William Simmons
71,Nichole Herrera DDS
72,Nathan Salazar
73,Karen Schultz
74,Joseph Smith
75,Stephen Hernandez
76,Emily Carpenter
77,Travis Whitehead
78,Lisa Carpenter
79,Jasmine Garcia
80,Jessica Mccoy
81,Roy Proctor
82,Debra Sandoval
83,Kimberly Romero
84,Logan Joseph
85,Anthony Bates
86,Eric Sullivan
87,Beth Hubbard
88,Shirley Lawrence
89,Jason Miller
90,Jared Murphy
91,David Jones
92,Jonathan Garcia
93,Ebony Mendez
94,Elizabeth Brown
95,Tyler Harris DDS
96,Brian Roberts
97,Lisa Sparks
98,Stephen Henderson
99,David Bernard
100,Jorge Green
101,Heather Chavez
102,Thomas Smith
103,Shannon Mcdonald
104,Elizabeth Vargas DDS
105,Amy Gonzalez
106,Mindy Mason
107,Mrs. Crystal Dunn
108,Anthony Thompson
109,Allison Cook
110,Paul Long
111,Nicole Scott
112,Jessica Taylor
113,Natasha Bartlett
114,Nathan Chapman
115,Erin Lara
116,Andrew Smith
117,Kelly Thompson
118,Christian Schultz
119,Jason Kim
120,Kenneth Combs
121,Diane Baker
122,Terry Murray
123,Sharon Palmer
124,Catherine Jacobs
125,Tiffany Stone
126,Kathy Hernandez
127,Amy Allen
128,Ronnie Wilkerson
129,Anthony Wood
130,Amy Weber
131,Jessica Collins
132,Adrian Williams
133,Donald Johnson
134,Leslie Pena
135,Steven Scott
136,Amanda Carr
137,John Smith
138,Luke Baker
139,Stephanie Carpenter
140,Randall Andrade
141,Anna Craig
142,Devon Thompson
143,Charles Reyes
144,Samantha Miller
145,Jesse Giles
146,Brian Colon
147,Diana Bates
148,Mackenzie Bowen
149,John Johnson
150,Stacy George
151,Debra Hines MD
152,Lisa English
153,Roberto Parrish
154,Julie Mayo
155,Natalie Garcia
156,Brian Swanson
157,Matthew Griffin
158,Dennis Griffith
159,Jeremy Miller
160,Shari Watkins
161,Kelly Holder
162,Dr. Joanne Bailey
163,Lisa Kelly
164,Cole Robinson
165,Jennifer Rose
166,Jamie Elliott
167,Robert Hobbs
168,Angela Dunlap
169,Katelyn Harris
170,Joseph Curry
171,James Carlson
172,Laura Bonilla
173,Casey Lozano
174,David Hernandez
175,Hannah Allen
176,Lisa Cuevas
177,Sean Chen
178,Cynthia Dixon
179,Jill Turner
180,Amanda Sanders
181,Ashley Jackson
182,Carol Beltran
183,Cathy White
184,Victoria Sellers
185,Jerry Waller
186,Yolanda Smith
187,Dominique Vega
188,Mrs. Melinda Bowman MD
189,Timothy Jones
190,Michael Garcia
191,Sarah Powell
192,Mark Jones
193,Karen Wilson
194,Gina Wallace
195,Ashley Walker
196,Yolanda Barrera
197,Randall Davis
198,Christine Wagner
199,Jessica Castillo
200,Christopher Bell
201,Terry Peterson
202,Laura Horton
203,Priscilla Alvarado
204,Monique Fox
205,Jeffrey Payne
206,Ashley Ferguson
207,Sarah Bailey
208,Amy Taylor
209,Courtney Park
210,Gregory Turner
211,Anthony Smith
212,Robert Cabrera
213,Karen Grant
214,Kenneth Conway
215,Megan Jackson
216,Alexandra Hernandez
217,Elizabeth Greene
218,Linda Adams
219,Tara Lloyd
220,James Nguyen
221,Daniel Kim
222,Jason Navarro
223,Kerry Shaw
224,Brianna Mcgee
225,Isaac Hale
226,Christopher Bennett
227,Mallory Davidson
228,Adam Perez
229,Jordan Martin
230,Evelyn Woodard
231,Robert Paul
232,Desiree Ho PhD
233,Lisa Herring
234,Andrea Garcia
235,Maureen Glenn
236,Randy Tucker
237,Colleen Smith
238,Ashley Fisher
239,Brian Bradshaw
240,Emily Mora
241,Karen Alvarez
242,George Wood
243,Danielle Gonzales
244,James Rogers
245,Christine Boyer
246,Lori Taylor
247,Jeremy Tran
248,Yvette Collier
249,William Hood
250,Kimberly Reed
251,Christopher Deleon
252,Stacy Jackson
253,Tara Gutierrez
254,Melissa Gordon
255,Nicholas Richard
256,Kimberly Johnson
257,Rebecca Williams
258,Connor Ward
259,Joyce Palmer
260,James Martinez
261,James Jones
262,John Blackwell
263,Matthew Lawson
264,Brenda Evans
265,Bailey Ball
266,Jody Powell
267,Eduardo Ortiz
268,Kyle Flores
269,Matthew Knox
270,Brittany Gonzalez
271,Isabel Burke
272,Bruce Boyer
273,Sarah Cooper
274,Joanne Ryan
275,Kelly Collins
276,Angela Bruce
277,Amanda Ruiz
278,Lance Richardson
279,James Reed
280,Thomas Ford
281,Kristin Heath
282,Sandra Valdez
283,Andrew Carter
284,Jacob Mueller
285,Lauren Erickson
286,Rebecca Smith
287,Kayla Griffin
288,Leah Taylor MD
289,Kristen Willis
290,Dana Parker
291,Tiffany Burns
292,Tamara Wells
293,Brent Ingram
294,Lucas Perez
295,Hailey Huff
296,Mikayla Beasley
297,Lynn Bennett
298,Angela Rivas
299,Rhonda Estes
300,Linda Zamora
301,Karen Moore
302,Michelle Riley
303,Luis Stone
304,Nicole Duffy
305,Anna Smith
306,John Smith
307,Bryan Foster
308,Heather Miller
309,Christy Donaldson
310,Colton Johnson DVM
311,Larry Graham
312,Adam Miller
313,Christopher Clay
314,Lisa Conner
315,Zachary Anderson
316,Cody Aguilar
317,James Johnson
318,Jessica Erickson
319,Diana Lowe
320,Terry Wright
321,Alyssa Robinson
322,Harold Johnson
323,Danielle Peck
324,Ashley Mason
325,Kelli Bowers
326,Rebecca Taylor
327,Ashley Booth
328,Corey Rivera
329,Timothy Shelton
330,Crystal Thompson
331,Raven Chambers
332,Kathy Coleman
333,John Gray
334,Jessica Gregory DDS
335,Margaret Ross
336,Scott Tucker
337,William Miller
338,Kristin Frazier
339,Sandra Jackson
340,Karina Ruiz
341,Nicole Martinez
342,Eric Johnson
343,Peter Hunt
344,Melanie Luna
345,Tommy Brock
346,Ann Jordan
347,Justin Thompson
348,Stacy Collins
349,Keith Meyer
350,Jessica Patel
351,Karen Livingston
352,Jennifer Perry
353,Sandra Wilson
354,Jennifer Padilla
355,Adam Warren
356,Leah Johnson
357,John Wallace
358,Michael Tate
359,Joshua Boyd
360,Margaret Hall
361,Lisa Cox
362,Catherine Alvarado
363,Richard White
364,Lori Wood
365,Jason Castro
366,Debra Martinez
367,David Cain
368,Christopher Reynolds
369,Nathan Madden
370,Katherine Nicholson
371,Laura Cox
372,Christopher Lin
373,Amber Estrada
374,Jillian Sandoval
375,Hannah Johnson
376,Jennifer Bush
377,Brian Hickman
378,Kevin Flowers
379,Mallory Diaz
380,Kimberly Bailey
381,Anne Harris
382,Kevin Lopez
383,Vanessa Hardin
384,Nicholas Fitzgerald
385,Michael Sellers
386,Kelly Baker
387,Jennifer Cruz
388,Frank Green
389,Marie Brown
390,Mrs. Alexandra Watkins DDS
391,Katherine Bray
392,Beth Hart
393,Richard Lowe
394,John Garner
395,Mr. Scott Miller
396,Scott Stanley
397,Richard Guerrero
398,William Reed
399,Monique Callahan
400,Angela Howard DDS
401,Manuel David
402,Justin Ayala
403,Luke Walters
404,Xavier Ortega
405,William Rodriguez
406,Melissa Hahn
407,Paul Eaton
408,Denise Hicks
409,Nicholas Fitzgerald
410,Jay Wilcox
411,Jeanne Adkins
412,Mark Rosales
413,Jared Sanchez
414,Gary Lopez
415,Jacqueline Edwards
416,Katherine Garcia
417,Eric Pearson
418,Theresa Sellers
419,Gregory Sawyer
420,Hayden Garcia
421,Donald Arnold
422,Dr. Sara Sampson
423,Erin Harrell
424,Erik Gray
425,Ronald Mason
426,Christina Moore
427,Derek Castaneda
428,John Smith
429,Jeffrey Chaney
430,Gregory Nelson
431,Kelly Savage
432,Chase Cochran
433,Nicole Kline DVM
434,Clinton Curtis
435,Brittany Daniel
436,Calvin Bradley
437,Ashley Adkins
438,Elizabeth Garcia
439,William Campbell
440,Edward Campbell
441,Charles Cruz
442,Kimberly Ortiz
443,Scott Gray
444,Michael Meza
445,Megan Moore
446,Kathryn Rodgers
447,David Rodriguez
448,Andrew Martinez
449,Debra Hamilton
450,Luis Chandler
451,Karen Romero
452,Amanda Miller
453,Micheal Roberts
454,Carlos Smith
455,Benjamin Mclaughlin
456,Elizabeth Montgomery
457,Zachary Ramsey
458,Maxwell Figueroa
459,Juan Bartlett
460,Eric Love
461,Melissa Simpson
462,Christina Macias
463,Janice Greer
464,Donald Leonard
465,Kevin Zavala
466,Jennifer Carter
467,Nicole Bishop
468,Andrea Mata
469,Carl Stephenson
470,Kelly Hays
471,Sabrina Weber
472,Jose Mcclain
473,James Valenzuela
474,Cindy Lopez
475,Barry Hayden
476,Anne Schwartz
477,Julie Green
478,Tiffany Woods
479,Nancy Wilson
480,Johnny Black
481,Alexis Chandler
482,Brittney Jimenez
483,Robert Gay
484,Thomas Stanley
485,David Pitts
486,Marie Castaneda
487,Jason Hall
488,Evan Lopez
489,Susan Howard
490,Vernon Williams DVM
491,Scott Carter
492,Christy Williams
493,Virginia Gonzalez
494,Katherine Campbell
495,Crystal Klein
496,Sarah Hopkins
497,Shawn Mcguire
498,Sandra Harris
499,Larry Harper
500,Daniel Larsen
