id,user_id,name
1,852,Party Mode 115
2,874,Late Night Vibes 760
3,604,Roadtrip Classics 251
4,376,Gym Motivation 143
5,724,Party Mode 105
6,587,Party Mode 759
7,890,Study Session 90
8,202,Study Session 433
9,445,Late Night Vibes 31
10,919,Late Night Vibes 224
11,933,Gym Motivation 518
12,297,Study Session 28
13,308,Study Session 204
14,723,Party Mode 666
15,493,Party Mode 559
16,338,Chill Sunday 226
17,945,Chill Sunday 604
18,923,Roadtrip Classics 829
19,646,Indie Discoveries 7
20,842,Indie Discoveries 826
21,66,Gym Motivation 715
22,792,Chill Sunday 349
23,422,Roadtrip Classics 160
24,540,Gym Motivation 981
25,924,Indie Discoveries 345
26,629,Late Night Vibes 95
27,493,Chill Sunday 100
28,882,Roadtrip Classics 868
29,999,Roadtrip Classics 619
30,962,Roadtrip Classics 827
31,317,Late Night Vibes 748
32,942,Chill Sunday 550
33,837,Late Night Vibes 997
34,626,Chill Sunday 81
35,75,Study Session 301
36,714,Indie Discoveries 644
37,939,Study Session 907
38,59,Indie Discoveries 371
39,386,Study Session 197
40,15,Party Mode 72
41,231,Late Night Vibes 678
42,617,Gym Motivation 792
43,677,Roadtrip Classics 82
44,199,Indie Discoveries 239
45,916,Indie Discoveries 104
46,354,Chill Sunday 285
47,35,Chill Sunday 651
48,162,Indie Discoveries 374
49,757,Gym Motivation 380
50,982,Roadtrip Classics 215
51,799,Party Mode 274
52,895,Party Mode 960
53,471,Party Mode 664
54,531,Late Night Vibes 624
55,964,Party Mode 176
56,792,Study Session 747
57,852,Gym Motivation 168
58,423,Chill Sunday 389
59,348,Roadtrip Classics 948
60,694,Party Mode 705
61,935,Study Session 225
62,913,Party Mode 333
63,147,Indie Discoveries 787
64,374,Indie Discoveries 58
65,688,Gym Motivation 842
66,675,Late Night Vibes 825
67,416,Roadtrip Classics 411
68,687,Roadtrip Classics 68
69,494,Gym Motivation 936
70,559,Study Session 898
71,256,Party Mode 323
72,960,Gym Motivation 672
73,686,Chill Sunday 406
74,103,Party Mode 470
75,121,Gym Motivation 272
76,419,Gym Motivation 253
77,350,Party Mode 575
78,657,Study Session 270
79,42,Party Mode 599
80,367,Chill Sunday 920
81,29,Study Session 409
82,966,Roadtrip Classics 225
83,892,Gym Motivation 522
84,785,Chill Sunday 94
85,977,Indie Discoveries 49
86,14,Indie Discoveries 113
87,920,Gym Motivation 643
88,953,Gym Motivation 812
89,818,Party Mode 433
90,825,Study Session 66
91,485,Chill Sunday 391
92,189,Study Session 480
93,872,Study Session 258
94,295,Study Session 882
95,183,Late Night Vibes 697
96,864,Party Mode 118
97,548,Party Mode 907
98,882,Study Session 769
99,37,Roadtrip Classics 788
100,14,Party Mode 349
101,923,Late Night Vibes 301
102,635,Chill Sunday 162
103,595,Chill Sunday 4
104,159,Party Mode 897
105,494,Party Mode 270
106,329,Study Session 781
107,614,Gym Motivation 520
108,849,Late Night Vibes 892
109,83,Party Mode 306
110,556,Indie Discoveries 655
111,580,Study Session 624
112,560,Gym Motivation 157
113,569,Roadtrip Classics 781
114,587,Gym Motivation 553
115,22,Indie Discoveries 945
116,132,Study Session 941
117,465,Late Night Vibes 614
118,456,Roadtrip Classics 501
119,302,Late Night Vibes 115
120,955,Roadtrip Classics 900
121,930,Indie Discoveries 827
122,267,Roadtrip Classics 246
123,799,Late Night Vibes 247
124,395,Study Session 970
125,120,Late Night Vibes 88
126,246,Party Mode 498
127,568,Indie Discoveries 71
128,38,Indie Discoveries 546
129,245,Indie Discoveries 129
130,21,Gym Motivation 676
131,110,Chill Sunday 970
132,606,Study Session 170
133,394,Roadtrip Classics 541
134,410,Indie Discoveries 622
135,987,Chill Sunday 988
136,648,Gym Motivation 952
137,743,Study Session 774
138,8,Party Mode 707
139,444,Gym Motivation 731
140,328,Roadtrip Classics 409
141,887,Party Mode 666
142,290,Roadtrip Classics 449
143,763,Study Session 463
144,511,Late Night Vibes 254
145,912,Gym Motivation 66
146,361,Roadtrip Classics 22
147,909,Study Session 568
148,599,Gym Motivation 603
149,716,Gym Motivation 8
150,219,Late Night Vibes 725
151,406,Party Mode 61
152,992,Gym Motivation 70
153,753,Late Night Vibes 881
154,923,Roadtrip Classics 73
155,832,Study Session 244
156,770,Roadtrip Classics 686
157,621,Chill Sunday 220
158,768,Study Session 136
159,993,Party Mode 958
160,794,Study Session 591
161,220,Chill Sunday 249
162,595,Indie Discoveries 485
163,107,Indie Discoveries 417
164,581,Gym Motivation 97
165,609,Late Night Vibes 675
166,724,Chill Sunday 363
167,286,Chill Sunday 421
168,749,Chill Sunday 885
169,8,Party Mode 56
170,806,Party Mode 670
171,189,Party Mode 101
172,81,Late Night Vibes 413
173,108,Party Mode 348
174,321,Indie Discoveries 883
175,579,Late Night Vibes 255
176,686,Gym Motivation 195
177,346,Study Session 460
178,863,Gym Motivation 433
179,328,Gym Motivation 286
180,555,Chill Sunday 256
181,699,Indie Discoveries 946
182,302,Late Night Vibes 454
183,200,Indie Discoveries 883
184,893,Indie Discoveries 564
185,419,Late Night Vibes 52
186,39,Party Mode 554
187,732,Indie Discoveries 16
188,307,Late Night Vibes 949
189,4,Indie Discoveries 870
190,633,Gym Motivation 171
191,848,Chill Sunday 498
192,77,Chill Sunday 219
193,468,Indie Discoveries 411
194,179,Late Night Vibes 169
195,645,Chill Sunday 3
196,823,Chill Sunday 272
197,741,Indie Discoveries 804
198,276,Chill Sunday 293
199,152,Chill Sunday 714
200,164,Party Mode 803
201,290,Study Session 678
202,378,Party Mode 499
203,621,Gym Motivation 195
204,638,Roadtrip Classics 223
205,752,Late Night Vibes 594
206,310,Party Mode 556
207,930,Late Night Vibes 766
208,979,Roadtrip Classics 59
209,913,Late Night Vibes 599
210,389,Chill Sunday 515
211,857,Indie Discoveries 544
212,658,Gym Motivation 59
213,764,Study Session 83
214,183,Indie Discoveries 191
215,821,Late Night Vibes 610
216,306,Late Night Vibes 692
217,72,Indie Discoveries 241
218,219,Chill Sunday 123
219,719,Study Session 253
220,173,Study Session 609
221,653,Late Night Vibes 635
222,272,Late Night Vibes 430
223,726,Party Mode 598
224,468,Study Session 536
225,269,Roadtrip Classics 958
226,20,Roadtrip Classics 210
227,578,Party Mode 734
228,995,Roadtrip Classics 245
229,815,Roadtrip Classics 406
230,503,Gym Motivation 688
231,147,Party Mode 308
232,429,Chill Sunday 324
233,165,Indie Discoveries 959
234,890,Late Night Vibes 10
235,310,Chill Sunday 637
236,518,Study Session 103
237,14,Late Night Vibes 551
238,132,Gym Motivation 519
239,854,Roadtrip Classics 136
240,755,Roadtrip Classics 903
241,439,Late Night Vibes 901
242,743,Gym Motivation 379
243,740,Roadtrip Classics 162
244,674,Chill Sunday 854
245,795,Study Session 721
246,263,Roadtrip Classics 627
247,643,Indie Discoveries 670
248,943,Study Session 9
249,225,Party Mode 837
250,258,Study Session 307
251,234,Party Mode 107
252,336,Gym Motivation 271
253,409,Late Night Vibes 912
254,828,Late Night Vibes 761
255,975,Study Session 160
256,24,Roadtrip Classics 289
257,271,Study Session 216
258,95,Party Mode 352
259,142,Gym Motivation 704
260,694,Party Mode 874
261,718,Roadtrip Classics 518
262,902,Chill Sunday 258
263,974,Indie Discoveries 53
264,81,Late Night Vibes 650
265,274,Chill Sunday 850
266,276,Roadtrip Classics 46
267,883,Late Night Vibes 342
268,958,Indie Discoveries 134
269,465,Party Mode 269
270,208,Gym Motivation 760
271,296,Chill Sunday 565
272,39,Party Mode 438
273,948,Study Session 10
274,288,Late Night Vibes 78
275,124,Party Mode 926
276,876,Gym Motivation 559
277,969,Late Night Vibes 855
278,283,Roadtrip Classics 597
279,878,Study Session 152
280,180,Chill Sunday 131
281,97,Late Night Vibes 316
282,191,Roadtrip Classics 921
283,74,Indie Discoveries 996
284,447,Indie Discoveries 41
285,785,Roadtrip Classics 216
286,497,Party Mode 256
287,561,Party Mode 106
288,484,Roadtrip Classics 799
289,849,Study Session 906
290,722,Indie Discoveries 417
291,116,Study Session 768
292,535,Gym Motivation 948
293,98,Gym Motivation 886
294,328,Gym Motivation 820
295,909,Indie Discoveries 182
296,407,Chill Sunday 26
297,313,Gym Motivation 755
298,702,Roadtrip Classics 802
299,694,Chill Sunday 822
300,148,Party Mode 885
301,342,Party Mode 831
302,495,Gym Motivation 274
303,948,Gym Motivation 807
304,23,Party Mode 111
305,105,Chill Sunday 894
306,675,Late Night Vibes 880
307,579,Chill Sunday 228
308,802,Gym Motivation 837
309,801,Chill Sunday 359
310,558,Roadtrip Classics 841
311,593,Indie Discoveries 893
312,941,Gym Motivation 229
313,659,Late Night Vibes 676
314,222,Gym Motivation 409
315,855,Roadtrip Classics 286
316,15,Indie Discoveries 72
317,891,Indie Discoveries 286
318,633,Roadtrip Classics 657
319,78,Study Session 410
320,322,Party Mode 864
321,807,Study Session 340
322,241,Late Night Vibes 119
323,18,Roadtrip Classics 183
324,768,Study Session 986
325,454,Roadtrip Classics 40
326,443,Late Night Vibes 611
327,928,Chill Sunday 354
328,277,Party Mode 806
329,424,Roadtrip Classics 447
330,476,Study Session 524
331,27,Late Night Vibes 395
332,514,Study Session 195
333,865,Roadtrip Classics 46
334,464,Party Mode 447
335,807,Late Night Vibes 533
336,982,Indie Discoveries 552
337,824,Party Mode 737
338,363,Party Mode 755
339,383,Party Mode 202
340,751,Roadtrip Classics 442
341,525,Late Night Vibes 972
342,382,Party Mode 943
343,184,Roadtrip Classics 639
344,194,Roadtrip Classics 680
345,462,Indie Discoveries 128
346,56,Party Mode 922
347,230,Roadtrip Classics 520
348,489,Roadtrip Classics 683
349,28,Chill Sunday 335
350,832,Chill Sunday 714
351,583,Roadtrip Classics 568
352,722,Gym Motivation 197
353,960,Chill Sunday 681
354,184,Chill Sunday 694
355,425,Party Mode 925
356,375,Gym Motivation 631
357,868,Study Session 309
358,41,Chill Sunday 562
359,484,Indie Discoveries 1
360,260,Roadtrip Classics 294
361,441,Gym Motivation 441
362,926,Indie Discoveries 594
363,856,Study Session 671
364,84,Roadtrip Classics 477
365,46,Chill Sunday 453
366,440,Party Mode 219
367,671,Study Session 485
368,856,Indie Discoveries 923
369,519,Indie Discoveries 754
370,986,Gym Motivation 675
371,845,Late Night Vibes 291
372,438,Study Session 680
373,136,Party Mode 635
374,183,Roadtrip Classics 96
375,709,Indie Discoveries 975
376,172,Indie Discoveries 241
377,909,Party Mode 318
378,861,Gym Motivation 826
379,788,Gym Motivation 151
380,590,Late Night Vibes 48
381,928,Gym Motivation 487
382,956,Study Session 871
383,690,Indie Discoveries 75
384,539,Chill Sunday 425
385,120,Party Mode 590
386,281,Gym Motivation 736
387,308,Party Mode 394
388,708,Chill Sunday 410
389,277,Gym Motivation 152
390,530,Party Mode 705
391,295,Late Night Vibes 915
392,783,Indie Discoveries 882
393,53,Indie Discoveries 907
394,806,Late Night Vibes 798
395,432,Chill Sunday 225
396,52,Gym Motivation 824
397,728,Party Mode 531
398,72,Chill Sunday 52
399,28,Study Session 256
400,469,Indie Discoveries 125
401,912,Chill Sunday 137
402,764,Indie Discoveries 476
403,886,Party Mode 544
404,912,Study Session 610
405,547,Roadtrip Classics 973
406,401,Indie Discoveries 913
407,201,Chill Sunday 628
408,761,Indie Discoveries 737
409,611,Study Session 437
410,820,Indie Discoveries 929
411,989,Study Session 457
412,999,Gym Motivation 762
413,466,Indie Discoveries 487
414,652,Chill Sunday 266
415,595,Indie Discoveries 254
416,560,Indie Discoveries 653
417,790,Roadtrip Classics 785
418,379,Indie Discoveries 534
419,760,Chill Sunday 642
420,895,Gym Motivation 282
421,177,Chill Sunday 80
422,52,Party Mode 293
423,79,Gym Motivation 279
424,385,Roadtrip Classics 328
425,834,Study Session 83
426,576,Gym Motivation 155
427,8,Gym Motivation 393
428,214,Party Mode 157
429,25,Party Mode 220
430,450,Late Night Vibes 425
431,768,Chill Sunday 339
432,755,Study Session 478
433,969,Chill Sunday 64
434,457,Gym Motivation 853
435,461,Chill Sunday 399
436,198,Indie Discoveries 599
437,94,Party Mode 21
438,719,Indie Discoveries 902
439,947,Indie Discoveries 590
440,437,Chill Sunday 489
441,527,Late Night Vibes 966
442,690,Roadtrip Classics 306
443,967,Indie Discoveries 400
444,378,Indie Discoveries 914
445,587,Indie Discoveries 430
446,104,Study Session 766
447,806,Party Mode 560
448,680,Indie Discoveries 618
449,962,Gym Motivation 500
450,627,Gym Motivation 280
451,39,Chill Sunday 498
452,458,Late Night Vibes 399
453,364,Roadtrip Classics 685
454,785,Party Mode 818
455,135,Chill Sunday 742
456,374,Gym Motivation 861
457,232,Chill Sunday 942
458,39,Gym Motivation 638
459,964,Study Session 28
460,803,Chill Sunday 607
461,819,Study Session 679
462,47,Late Night Vibes 86
463,36,Party Mode 439
464,832,Gym Motivation 888
465,95,Chill Sunday 187
466,985,Late Night Vibes 267
467,361,Chill Sunday 336
468,525,Gym Motivation 466
469,146,Roadtrip Classics 346
470,917,Indie Discoveries 901
471,368,Chill Sunday 285
472,65,Indie Discoveries 975
473,228,Indie Discoveries 432
474,754,Roadtrip Classics 855
475,520,Late Night Vibes 482
476,816,Late Night Vibes 768
477,853,Study Session 54
478,555,Roadtrip Classics 230
479,756,Party Mode 71
480,181,Indie Discoveries 981
481,501,Party Mode 42
482,597,Indie Discoveries 32
483,155,Gym Motivation 205
484,787,Indie Discoveries 21
485,535,Study Session 157
486,627,Gym Motivation 130
487,818,Chill Sunday 686
488,435,Late Night Vibes 578
489,811,Gym Motivation 477
490,99,Party Mode 263
491,616,Indie Discoveries 378
492,372,Gym Motivation 621
493,563,Study Session 987
494,362,Party Mode 736
495,112,Late Night Vibes 797
496,453,Indie Discoveries 168
497,756,Roadtrip Classics 111
498,169,Study Session 27
499,584,Roadtrip Classics 590
500,139,Party Mode 930
501,848,Chill Sunday 407
502,231,Party Mode 204
503,239,Late Night Vibes 607
504,984,Party Mode 851
505,253,Party Mode 249
506,981,Late Night Vibes 714
507,436,Indie Discoveries 309
508,919,Indie Discoveries 701
509,561,Study Session 825
510,422,Late Night Vibes 816
511,303,Study Session 802
512,72,Late Night Vibes 356
513,263,Study Session 439
514,834,Party Mode 380
515,222,Late Night Vibes 519
516,77,Party Mode 350
517,62,Late Night Vibes 870
518,471,Chill Sunday 843
519,157,Chill Sunday 109
520,806,Chill Sunday 984
521,125,Roadtrip Classics 651
522,741,Indie Discoveries 471
523,852,Party Mode 157
524,161,Chill Sunday 181
525,541,Party Mode 535
526,626,Party Mode 277
527,591,Study Session 828
528,535,Study Session 794
529,106,Chill Sunday 477
530,131,Chill Sunday 846
531,357,Party Mode 607
532,989,Roadtrip Classics 331
533,685,Indie Discoveries 252
534,776,Indie Discoveries 958
535,854,Late Night Vibes 286
536,885,Chill Sunday 250
537,797,Indie Discoveries 476
538,2,Study Session 625
539,233,Party Mode 389
540,369,Roadtrip Classics 30
541,251,Chill Sunday 872
542,946,Roadtrip Classics 187
543,833,Chill Sunday 218
544,108,Roadtrip Classics 817
545,276,Roadtrip Classics 349
546,180,Roadtrip Classics 902
547,725,Study Session 719
548,293,Roadtrip Classics 570
549,584,Late Night Vibes 530
550,795,Gym Motivation 88
551,175,Gym Motivation 738
552,123,Chill Sunday 501
553,227,Study Session 777
554,902,Gym Motivation 708
555,444,Chill Sunday 662
556,813,Party Mode 503
557,428,Chill Sunday 812
558,83,Late Night Vibes 96
559,765,Roadtrip Classics 227
560,658,Chill Sunday 709
561,632,Gym Motivation 314
562,65,Party Mode 596
563,281,Roadtrip Classics 485
564,795,Study Session 544
565,391,Roadtrip Classics 436
566,428,Party Mode 564
567,618,Roadtrip Classics 361
568,925,Party Mode 465
569,991,Roadtrip Classics 314
570,812,Roadtrip Classics 237
571,107,Late Night Vibes 739
572,548,Gym Motivation 324
573,659,Late Night Vibes 761
574,262,Study Session 974
575,921,Indie Discoveries 707
576,159,Gym Motivation 197
577,265,Gym Motivation 757
578,468,Chill Sunday 284
579,202,Party Mode 604
580,933,Indie Discoveries 538
581,155,Study Session 290
582,13,Late Night Vibes 853
583,297,Gym Motivation 304
584,896,Gym Motivation 370
585,834,Gym Motivation 310
586,498,Late Night Vibes 726
587,597,Study Session 130
588,993,Roadtrip Classics 47
589,792,Late Night Vibes 567
590,245,Roadtrip Classics 715
591,300,Gym Motivation 654
592,362,Indie Discoveries 771
593,354,Chill Sunday 106
594,828,Indie Discoveries 13
595,521,Study Session 292
596,386,Chill Sunday 491
597,759,Chill Sunday 349
598,312,Gym Motivation 989
599,414,Late Night Vibes 259
600,278,Indie Discoveries 490
601,750,Late Night Vibes 842
602,715,Late Night Vibes 411
603,759,Chill Sunday 76
604,747,Study Session 645
605,593,Party Mode 55
606,356,Gym Motivation 153
607,525,Indie Discoveries 577
608,839,Roadtrip Classics 88
609,16,Gym Motivation 122
610,993,Study Session 783
611,45,Chill Sunday 621
612,321,Study Session 810
613,651,Study Session 232
614,326,Indie Discoveries 536
615,148,Chill Sunday 462
616,355,Chill Sunday 305
617,236,Indie Discoveries 603
618,703,Chill Sunday 313
619,613,Study Session 636
620,105,Late Night Vibes 625
621,474,Party Mode 102
622,762,Indie Discoveries 213
623,396,Party Mode 217
624,446,Roadtrip Classics 677
625,606,Late Night Vibes 161
626,220,Gym Motivation 178
627,987,Study Session 77
628,810,Gym Motivation 3
629,851,Chill Sunday 462
630,965,Party Mode 609
631,442,Chill Sunday 299
632,645,Late Night Vibes 238
633,873,Roadtrip Classics 724
634,667,Roadtrip Classics 720
635,28,Indie Discoveries 465
636,794,Late Night Vibes 704
637,475,Gym Motivation 947
638,628,Roadtrip Classics 807
639,305,Indie Discoveries 641
640,746,Study Session 678
641,405,Indie Discoveries 957
642,513,Gym Motivation 436
643,502,Late Night Vibes 558
644,348,Gym Motivation 664
645,240,Gym Motivation 931
646,570,Roadtrip Classics 847
647,847,Gym Motivation 74
648,695,Late Night Vibes 170
649,337,Indie Discoveries 315
650,26,Study Session 767
651,980,Indie Discoveries 583
652,409,Roadtrip Classics 450
653,77,Late Night Vibes 480
654,929,Party Mode 312
655,217,Party Mode 413
656,328,Roadtrip Classics 513
657,837,Study Session 506
658,774,Chill Sunday 83
659,23,Study Session 41
660,756,Chill Sunday 753
661,670,Roadtrip Classics 619
662,718,Roadtrip Classics 27
663,310,Late Night Vibes 235
664,599,Party Mode 857
665,267,Indie Discoveries 590
666,415,Study Session 974
667,646,Late Night Vibes 784
668,267,Party Mode 842
669,333,Roadtrip Classics 591
670,780,Late Night Vibes 782
671,450,Indie Discoveries 180
672,565,Chill Sunday 532
673,611,Party Mode 453
674,247,Roadtrip Classics 186
675,36,Study Session 447
676,401,Party Mode 834
677,28,Chill Sunday 993
678,220,Late Night Vibes 482
679,406,Roadtrip Classics 419
680,614,Roadtrip Classics 329
681,775,Party Mode 108
682,271,Indie Discoveries 165
683,736,Roadtrip Classics 422
684,651,Party Mode 508
685,792,Roadtrip Classics 679
686,511,Chill Sunday 834
687,963,Indie Discoveries 564
688,286,Late Night Vibes 466
689,454,Late Night Vibes 323
690,762,Roadtrip Classics 332
691,834,Late Night Vibes 994
692,317,Indie Discoveries 414
693,590,Indie Discoveries 527
694,297,Indie Discoveries 2
695,338,Party Mode 891
696,307,Study Session 474
697,428,Chill Sunday 56
698,351,Gym Motivation 531
699,511,Roadtrip Classics 638
700,525,Indie Discoveries 511
701,858,Party Mode 453
702,492,Indie Discoveries 53
703,908,Gym Motivation 274
704,594,Study Session 135
705,9,Roadtrip Classics 449
706,497,Party Mode 497
707,725,Late Night Vibes 30
708,560,Party Mode 624
709,561,Indie Discoveries 246
710,821,Party Mode 163
711,440,Roadtrip Classics 565
712,552,Late Night Vibes 566
713,875,Chill Sunday 96
714,792,Gym Motivation 862
715,738,Late Night Vibes 473
716,968,Late Night Vibes 664
717,108,Indie Discoveries 158
718,245,Chill Sunday 956
719,255,Party Mode 299
720,33,Study Session 723
721,23,Roadtrip Classics 426
722,845,Indie Discoveries 495
723,566,Chill Sunday 250
724,821,Chill Sunday 565
725,49,Gym Motivation 393
726,462,Gym Motivation 944
727,590,Study Session 521
728,336,Party Mode 901
729,945,Gym Motivation 885
730,358,Late Night Vibes 283
731,122,Indie Discoveries 809
732,444,Indie Discoveries 425
733,359,Roadtrip Classics 957
734,602,Indie Discoveries 520
735,346,Roadtrip Classics 841
736,193,Late Night Vibes 290
737,416,Party Mode 306
738,377,Indie Discoveries 602
739,463,Study Session 676
740,756,Chill Sunday 887
741,661,Gym Motivation 458
742,146,Study Session 496
743,478,Roadtrip Classics 341
744,828,Study Session 782
745,890,Study Session 387
746,653,Chill Sunday 956
747,408,Roadtrip Classics 891
748,286,Gym Motivation 715
749,898,Gym Motivation 586
750,851,Chill Sunday 240
751,111,Indie Discoveries 795
752,620,Chill Sunday 45
753,879,Roadtrip Classics 763
754,793,Chill Sunday 723
755,50,Indie Discoveries 391
756,14,Chill Sunday 680
757,134,Indie Discoveries 841
758,588,Party Mode 156
759,596,Chill Sunday 988
760,343,Late Night Vibes 130
761,670,Study Session 989
762,286,Study Session 340
763,934,Indie Discoveries 103
764,314,Indie Discoveries 866
765,606,Chill Sunday 103
766,297,Study Session 933
767,606,Chill Sunday 16
768,569,Party Mode 148
769,164,Chill Sunday 892
770,832,Party Mode 994
771,497,Gym Motivation 77
772,610,Chill Sunday 801
773,16,Roadtrip Classics 347
774,344,Study Session 710
775,78,Chill Sunday 666
776,346,Late Night Vibes 873
777,72,Roadtrip Classics 873
778,270,Party Mode 880
779,287,Study Session 390
780,66,Roadtrip Classics 642
781,880,Party Mode 909
782,68,Indie Discoveries 500
783,193,Indie Discoveries 555
784,55,Late Night Vibes 633
785,980,Late Night Vibes 241
786,379,Party Mode 701
787,974,Roadtrip Classics 233
788,168,Party Mode 93
789,409,Chill Sunday 101
790,508,Indie Discoveries 649
791,537,Party Mode 894
792,643,Late Night Vibes 455
793,837,Gym Motivation 711
794,102,Roadtrip Classics 926
795,886,Late Night Vibes 48
796,794,Roadtrip Classics 816
797,808,Late Night Vibes 301
798,806,Roadtrip Classics 384
799,422,Chill Sunday 150
800,964,Gym Motivation 544
801,775,Chill Sunday 580
802,478,Party Mode 812
803,926,Gym Motivation 175
804,120,Gym Motivation 81
805,915,Study Session 892
806,743,Chill Sunday 635
807,291,Party Mode 247
808,488,Chill Sunday 935
809,161,Study Session 147
810,673,Gym Motivation 473
811,78,Party Mode 261
812,38,Chill Sunday 262
813,394,Party Mode 10
814,441,Indie Discoveries 477
815,540,Roadtrip Classics 694
816,462,Study Session 162
817,612,Late Night Vibes 453
818,294,Roadtrip Classics 602
819,400,Roadtrip Classics 655
820,636,Chill Sunday 707
821,917,Roadtrip Classics 468
822,92,Indie Discoveries 310
823,767,Gym Motivation 394
824,609,Indie Discoveries 495
825,6,Late Night Vibes 243
826,681,Chill Sunday 586
827,895,Roadtrip Classics 589
828,271,Roadtrip Classics 717
829,620,Roadtrip Classics 23
830,899,Indie Discoveries 675
831,811,Chill Sunday 282
832,559,Late Night Vibes 580
833,99,Indie Discoveries 703
834,526,Indie Discoveries 763
835,194,Late Night Vibes 933
836,157,Study Session 764
837,900,Chill Sunday 853
838,666,Roadtrip Classics 795
839,115,Indie Discoveries 236
840,396,Study Session 822
841,770,Roadtrip Classics 225
842,657,Party Mode 195
843,803,Study Session 257
844,522,Party Mode 774
845,880,Party Mode 786
846,214,Party Mode 698
847,745,Indie Discoveries 141
848,683,Party Mode 100
849,533,Party Mode 662
850,15,Late Night Vibes 317
851,419,Indie Discoveries 452
852,368,Late Night Vibes 594
853,638,Roadtrip Classics 750
854,853,Gym Motivation 93
855,853,Roadtrip Classics 335
856,213,Party Mode 426
857,700,Gym Motivation 206
858,684,Gym Motivation 806
859,992,Study Session 898
860,759,Roadtrip Classics 544
861,5,Study Session 936
862,231,Roadtrip Classics 851
863,201,Gym Motivation 264
864,885,Indie Discoveries 967
865,402,Chill Sunday 991
866,149,Indie Discoveries 303
867,584,Party Mode 892
868,492,Roadtrip Classics 824
869,226,Late Night Vibes 480
870,586,Late Night Vibes 145
871,819,Indie Discoveries 990
872,169,Gym Motivation 881
873,761,Party Mode 742
874,792,Party Mode 407
875,1000,Indie Discoveries 824
876,152,Study Session 375
877,224,Late Night Vibes 810
878,504,Chill Sunday 15
879,737,Roadtrip Classics 550
880,550,Late Night Vibes 466
881,44,Roadtrip Classics 689
882,697,Party Mode 689
883,504,Roadtrip Classics 599
884,955,Chill Sunday 843
885,241,Party Mode 963
886,930,Roadtrip Classics 111
887,843,Party Mode 240
888,351,Chill Sunday 26
889,722,Study Session 906
890,23,Study Session 336
891,636,Study Session 227
892,598,Party Mode 65
893,43,Party Mode 844
894,466,Chill Sunday 932
895,40,Party Mode 310
896,303,Party Mode 419
897,681,Late Night Vibes 144
898,175,Late Night Vibes 969
899,999,Late Night Vibes 312
900,532,Chill Sunday 119
901,461,Late Night Vibes 241
902,621,Study Session 139
903,193,Chill Sunday 465
904,244,Roadtrip Classics 687
905,836,Party Mode 714
906,280,Study Session 430
907,740,Study Session 761
908,36,Party Mode 159
909,557,Chill Sunday 671
910,898,Late Night Vibes 854
911,540,Chill Sunday 631
912,154,Chill Sunday 962
913,23,Roadtrip Classics 34
914,719,Party Mode 380
915,932,Gym Motivation 455
916,91,Chill Sunday 974
917,390,Gym Motivation 876
918,931,Roadtrip Classics 102
919,359,Party Mode 377
920,550,Study Session 924
921,931,Party Mode 368
922,228,Late Night Vibes 408
923,202,Roadtrip Classics 195
924,350,Late Night Vibes 972
925,821,Indie Discoveries 844
926,766,Chill Sunday 94
927,38,Party Mode 218
928,733,Party Mode 655
929,500,Study Session 995
930,699,Late Night Vibes 52
931,43,Indie Discoveries 342
932,871,Gym Motivation 129
933,626,Indie Discoveries 579
934,772,Gym Motivation 71
935,517,Indie Discoveries 784
936,68,Study Session 213
937,740,Study Session 222
938,123,Indie Discoveries 891
939,685,Gym Motivation 337
940,336,Indie Discoveries 152
941,153,Indie Discoveries 923
942,974,Study Session 3
943,779,Roadtrip Classics 880
944,669,Gym Motivation 134
945,162,Study Session 257
946,214,Indie Discoveries 179
947,910,Late Night Vibes 677
948,376,Indie Discoveries 27
949,920,Gym Motivation 16
950,443,Roadtrip Classics 809
951,423,Indie Discoveries 244
952,538,Study Session 332
953,939,Late Night Vibes 179
954,804,Roadtrip Classics 54
955,935,Gym Motivation 760
956,701,Chill Sunday 539
957,912,Late Night Vibes 764
958,634,Late Night Vibes 488
959,230,Chill Sunday 797
960,59,Roadtrip Classics 526
961,96,Study Session 112
962,262,Chill Sunday 516
963,354,Gym Motivation 969
964,312,Study Session 45
965,136,Party Mode 803
966,862,Indie Discoveries 675
967,795,Study Session 309
968,967,Chill Sunday 659
969,923,Late Night Vibes 63
970,473,Chill Sunday 868
971,632,Chill Sunday 437
972,430,Party Mode 111
973,937,Chill Sunday 730
974,975,Chill Sunday 76
975,537,Late Night Vibes 330
976,854,Study Session 152
977,146,Late Night Vibes 130
978,524,Roadtrip Classics 640
979,87,Party Mode 600
980,947,Study Session 730
981,109,Roadtrip Classics 391
982,423,Study Session 544
983,345,Roadtrip Classics 465
984,266,Study Session 620
985,734,Chill Sunday 102
986,586,Indie Discoveries 719
987,994,Late Night Vibes 874
988,494,Party Mode 667
989,333,Indie Discoveries 565
990,822,Party Mode 887
991,413,Gym Motivation 441
992,614,Chill Sunday 910
993,937,Gym Motivation 424
994,649,Roadtrip Classics 848
995,191,Chill Sunday 409
996,973,Chill Sunday 748
997,933,Late Night Vibes 321
998,142,Chill Sunday 321
999,869,Party Mode 262
1000,73,Roadtrip Classics 977
1001,840,Gym Motivation 704
1002,167,Chill Sunday 69
1003,168,Late Night Vibes 852
1004,566,Late Night Vibes 96
1005,259,Chill Sunday 99
1006,439,Party Mode 757
1007,111,Roadtrip Classics 832
1008,744,Gym Motivation 570
1009,673,Late Night Vibes 601
1010,864,Study Session 576
1011,839,Roadtrip Classics 687
1012,531,Late Night Vibes 421
1013,290,Roadtrip Classics 895
1014,974,Party Mode 964
1015,562,Indie Discoveries 434
1016,510,Indie Discoveries 938
1017,175,Party Mode 53
1018,302,Roadtrip Classics 615
1019,696,Roadtrip Classics 361
1020,185,Late Night Vibes 592
1021,339,Study Session 218
1022,510,Gym Motivation 673
1023,819,Chill Sunday 230
1024,310,Indie Discoveries 111
1025,507,Roadtrip Classics 866
1026,346,Study Session 377
1027,81,Late Night Vibes 781
1028,374,Roadtrip Classics 588
1029,156,Gym Motivation 827
1030,787,Chill Sunday 866
1031,795,Study Session 998
1032,432,Indie Discoveries 839
1033,500,Study Session 629
1034,761,Party Mode 659
1035,147,Study Session 27
1036,481,Study Session 952
1037,435,Party Mode 850
1038,519,Party Mode 274
1039,669,Late Night Vibes 185
1040,683,Roadtrip Classics 720
1041,69,Indie Discoveries 317
1042,606,Roadtrip Classics 360
1043,881,Late Night Vibes 186
1044,875,Indie Discoveries 147
1045,888,Study Session 674
1046,186,Chill Sunday 72
1047,904,Gym Motivation 759
1048,682,Party Mode 996
1049,204,Late Night Vibes 94
1050,554,Party Mode 544
1051,13,Gym Motivation 386
1052,666,Chill Sunday 465
1053,274,Roadtrip Classics 162
1054,298,Roadtrip Classics 320
1055,51,Party Mode 333
1056,500,Indie Discoveries 965
1057,369,Study Session 611
1058,724,Late Night Vibes 905
1059,656,Late Night Vibes 160
1060,357,Gym Motivation 773
1061,3,Study Session 51
1062,254,Party Mode 84
1063,475,Roadtrip Classics 454
1064,847,Party Mode 435
1065,506,Chill Sunday 622
1066,256,Chill Sunday 425
1067,610,Roadtrip Classics 221
1068,685,Indie Discoveries 525
1069,150,Late Night Vibes 354
1070,488,Chill Sunday 114
1071,279,Roadtrip Classics 695
1072,59,Party Mode 608
1073,446,Chill Sunday 540
1074,113,Party Mode 316
1075,836,Late Night Vibes 226
1076,755,Chill Sunday 614
1077,822,Late Night Vibes 8
1078,569,Gym Motivation 309
1079,489,Gym Motivation 786
1080,407,Gym Motivation 783
1081,367,Roadtrip Classics 297
1082,60,Roadtrip Classics 123
1083,329,Late Night Vibes 510
1084,728,Party Mode 441
1085,469,Gym Motivation 133
1086,745,Chill Sunday 546
1087,567,Party Mode 236
1088,885,Study Session 573
1089,720,Indie Discoveries 685
1090,63,Indie Discoveries 363
1091,184,Late Night Vibes 407
1092,311,Indie Discoveries 760
1093,793,Late Night Vibes 447
1094,538,Late Night Vibes 471
1095,177,Late Night Vibes 883
1096,575,Roadtrip Classics 590
1097,429,Chill Sunday 588
1098,73,Chill Sunday 727
1099,847,Party Mode 428
1100,167,Roadtrip Classics 118
1101,225,Chill Sunday 22
1102,577,Roadtrip Classics 176
1103,581,Indie Discoveries 971
1104,952,Study Session 472
1105,9,Indie Discoveries 707
1106,236,Roadtrip Classics 91
1107,710,Chill Sunday 865
1108,924,Late Night Vibes 250
1109,685,Chill Sunday 604
1110,794,Chill Sunday 537
1111,28,Late Night Vibes 406
1112,808,Indie Discoveries 318
1113,911,Party Mode 348
1114,646,Gym Motivation 342
1115,27,Indie Discoveries 173
1116,550,Late Night Vibes 523
1117,196,Party Mode 117
1118,203,Study Session 523
1119,85,Gym Motivation 928
1120,832,Indie Discoveries 358
1121,30,Roadtrip Classics 745
1122,466,Indie Discoveries 661
1123,99,Indie Discoveries 152
1124,899,Gym Motivation 106
1125,190,Gym Motivation 263
1126,12,Gym Motivation 178
1127,603,Study Session 157
1128,30,Indie Discoveries 778
1129,725,Party Mode 78
1130,38,Gym Motivation 975
1131,853,Indie Discoveries 644
1132,572,Chill Sunday 476
1133,294,Indie Discoveries 578
1134,360,Indie Discoveries 594
1135,655,Chill Sunday 698
1136,914,Study Session 659
1137,180,Party Mode 640
1138,797,Roadtrip Classics 885
1139,112,Party Mode 324
1140,742,Gym Motivation 451
1141,444,Late Night Vibes 481
1142,21,Chill Sunday 647
1143,145,Roadtrip Classics 816
1144,499,Roadtrip Classics 606
1145,146,Late Night Vibes 361
1146,441,Study Session 76
1147,887,Roadtrip Classics 473
1148,421,Chill Sunday 39
1149,316,Late Night Vibes 378
1150,166,Indie Discoveries 294
1151,652,Late Night Vibes 661
1152,203,Indie Discoveries 876
1153,496,Late Night Vibes 630
1154,756,Study Session 520
1155,625,Chill Sunday 474
1156,468,Study Session 568
1157,713,Indie Discoveries 757
1158,385,Late Night Vibes 461
1159,314,Indie Discoveries 586
1160,771,Party Mode 193
1161,255,Roadtrip Classics 620
1162,959,Chill Sunday 514
1163,917,Gym Motivation 981
1164,23,Late Night Vibes 462
1165,905,Late Night Vibes 831
1166,758,Indie Discoveries 352
1167,339,Party Mode 87
1168,493,Study Session 662
1169,823,Gym Motivation 41
1170,511,Gym Motivation 725
1171,366,Chill Sunday 450
1172,372,Study Session 536
1173,915,Study Session 163
1174,830,Roadtrip Classics 382
1175,599,Roadtrip Classics 397
1176,219,Chill Sunday 794
1177,475,Roadtrip Classics 696
1178,423,Study Session 54
1179,356,Indie Discoveries 647
1180,460,Party Mode 343
1181,503,Late Night Vibes 338
1182,27,Late Night Vibes 572
1183,942,Party Mode 396
1184,802,Roadtrip Classics 259
1185,801,Party Mode 873
1186,860,Party Mode 988
1187,223,Study Session 895
1188,864,Gym Motivation 342
1189,690,Late Night Vibes 597
1190,148,Party Mode 145
1191,424,Roadtrip Classics 318
1192,739,Party Mode 716
1193,351,Party Mode 402
1194,186,Gym Motivation 610
1195,415,Party Mode 961
1196,806,Late Night Vibes 318
1197,982,Study Session 386
1198,429,Party Mode 811
1199,41,Roadtrip Classics 833
1200,905,Gym Motivation 687
1201,393,Party Mode 849
1202,703,Party Mode 702
1203,79,Study Session 96
1204,717,Party Mode 687
1205,896,Chill Sunday 521
1206,790,Roadtrip Classics 19
1207,784,Roadtrip Classics 317
1208,544,Gym Motivation 974
1209,450,Gym Motivation 350
1210,474,Indie Discoveries 498
1211,142,Gym Motivation 232
1212,251,Gym Motivation 159
1213,294,Late Night Vibes 303
1214,610,Indie Discoveries 808
1215,136,Late Night Vibes 520
1216,484,Indie Discoveries 553
1217,789,Indie Discoveries 757
1218,312,Study Session 39
1219,814,Party Mode 345
1220,555,Indie Discoveries 633
1221,632,Gym Motivation 612
1222,732,Chill Sunday 158
1223,46,Gym Motivation 186
1224,236,Indie Discoveries 710
1225,48,Indie Discoveries 640
1226,198,Indie Discoveries 925
1227,84,Gym Motivation 739
1228,543,Chill Sunday 45
1229,161,Chill Sunday 374
1230,428,Party Mode 737
1231,71,Gym Motivation 993
1232,520,Chill Sunday 626
1233,969,Roadtrip Classics 771
1234,898,Party Mode 803
1235,913,Chill Sunday 240
1236,52,Study Session 245
1237,45,Roadtrip Classics 989
1238,293,Indie Discoveries 804
1239,938,Chill Sunday 926
1240,812,Indie Discoveries 199
1241,465,Roadtrip Classics 695
1242,885,Study Session 452
1243,550,Chill Sunday 788
1244,867,Roadtrip Classics 797
1245,380,Chill Sunday 515
1246,743,Study Session 429
1247,478,Gym Motivation 837
1248,262,Gym Motivation 821
1249,580,Study Session 142
1250,179,Indie Discoveries 257
1251,357,Late Night Vibes 657
1252,419,Chill Sunday 896
1253,698,Roadtrip Classics 568
1254,953,Late Night Vibes 729
1255,201,Indie Discoveries 529
1256,902,Indie Discoveries 128
1257,13,Roadtrip Classics 86
1258,443,Indie Discoveries 165
1259,726,Roadtrip Classics 461
1260,732,Study Session 151
1261,286,Indie Discoveries 448
1262,756,Late Night Vibes 970
1263,868,Gym Motivation 837
1264,258,Chill Sunday 906
1265,570,Roadtrip Classics 953
1266,548,Late Night Vibes 425
1267,840,Late Night Vibes 406
1268,941,Study Session 383
1269,490,Gym Motivation 396
1270,498,Late Night Vibes 384
1271,905,Gym Motivation 29
1272,894,Roadtrip Classics 954
1273,705,Late Night Vibes 860
1274,333,Party Mode 666
1275,562,Roadtrip Classics 811
1276,975,Gym Motivation 141
1277,32,Late Night Vibes 294
1278,610,Indie Discoveries 484
1279,43,Party Mode 852
1280,893,Gym Motivation 778
1281,351,Party Mode 481
1282,334,Chill Sunday 631
1283,822,Late Night Vibes 928
1284,559,Late Night Vibes 20
1285,270,Roadtrip Classics 221
1286,944,Indie Discoveries 154
1287,823,Study Session 963
1288,413,Party Mode 624
1289,943,Study Session 434
1290,575,Late Night Vibes 795
1291,19,Roadtrip Classics 244
1292,347,Roadtrip Classics 125
1293,905,Late Night Vibes 245
1294,613,Chill Sunday 655
1295,37,Indie Discoveries 638
1296,619,Chill Sunday 65
1297,92,Late Night Vibes 857
1298,820,Chill Sunday 612
1299,185,Study Session 17
1300,728,Party Mode 528
1301,28,Study Session 248
1302,548,Party Mode 148
1303,372,Roadtrip Classics 440
1304,832,Late Night Vibes 630
1305,530,Roadtrip Classics 247
1306,345,Study Session 427
1307,419,Gym Motivation 681
1308,196,Party Mode 88
1309,78,Study Session 999
1310,167,Roadtrip Classics 70
1311,90,Study Session 558
1312,264,Study Session 806
1313,472,Study Session 568
1314,208,Late Night Vibes 400
1315,724,Indie Discoveries 482
1316,271,Late Night Vibes 651
1317,263,Chill Sunday 383
1318,506,Roadtrip Classics 766
1319,785,Late Night Vibes 366
1320,512,Indie Discoveries 70
1321,854,Roadtrip Classics 247
1322,726,Party Mode 673
1323,886,Party Mode 107
1324,576,Indie Discoveries 596
1325,524,Party Mode 775
1326,722,Roadtrip Classics 137
1327,312,Late Night Vibes 361
1328,174,Study Session 347
1329,431,Indie Discoveries 659
1330,768,Gym Motivation 851
1331,463,Indie Discoveries 702
1332,101,Chill Sunday 713
1333,16,Chill Sunday 647
1334,709,Gym Motivation 831
1335,258,Gym Motivation 65
1336,896,Party Mode 795
1337,244,Chill Sunday 38
1338,348,Roadtrip Classics 207
1339,249,Late Night Vibes 811
1340,105,Gym Motivation 908
1341,694,Late Night Vibes 324
1342,667,Roadtrip Classics 528
1343,287,Chill Sunday 835
1344,169,Study Session 485
1345,420,Roadtrip Classics 38
1346,47,Indie Discoveries 663
1347,43,Gym Motivation 293
1348,321,Roadtrip Classics 883
1349,818,Indie Discoveries 49
1350,221,Indie Discoveries 672
1351,513,Roadtrip Classics 280
1352,712,Late Night Vibes 819
1353,441,Roadtrip Classics 448
1354,144,Chill Sunday 762
1355,890,Chill Sunday 917
1356,28,Chill Sunday 348
1357,854,Gym Motivation 509
1358,850,Party Mode 510
1359,790,Roadtrip Classics 947
1360,553,Indie Discoveries 532
1361,844,Roadtrip Classics 821
1362,659,Late Night Vibes 745
1363,857,Chill Sunday 81
1364,690,Chill Sunday 617
1365,827,Indie Discoveries 185
1366,837,Study Session 301
1367,930,Roadtrip Classics 106
1368,167,Late Night Vibes 336
1369,635,Party Mode 303
1370,586,Roadtrip Classics 457
1371,751,Study Session 735
1372,249,Chill Sunday 171
1373,775,Party Mode 455
1374,764,Roadtrip Classics 458
1375,357,Late Night Vibes 745
1376,111,Indie Discoveries 934
1377,692,Roadtrip Classics 630
1378,700,Chill Sunday 282
1379,820,Party Mode 811
1380,719,Late Night Vibes 77
1381,234,Party Mode 653
1382,24,Chill Sunday 373
1383,26,Study Session 821
1384,381,Party Mode 696
1385,730,Gym Motivation 976
1386,346,Late Night Vibes 147
1387,378,Indie Discoveries 623
1388,522,Party Mode 801
1389,17,Chill Sunday 36
1390,245,Gym Motivation 69
1391,718,Gym Motivation 798
1392,770,Party Mode 376
1393,624,Roadtrip Classics 393
1394,717,Study Session 34
1395,539,Study Session 158
1396,969,Party Mode 461
1397,583,Roadtrip Classics 381
1398,688,Chill Sunday 782
1399,202,Late Night Vibes 588
1400,248,Gym Motivation 543
1401,118,Roadtrip Classics 408
1402,9,Roadtrip Classics 666
1403,598,Roadtrip Classics 256
1404,23,Late Night Vibes 27
1405,967,Party Mode 191
1406,240,Chill Sunday 531
1407,585,Chill Sunday 936
1408,27,Study Session 121
1409,984,Roadtrip Classics 794
1410,861,Roadtrip Classics 721
1411,81,Chill Sunday 220
1412,596,Study Session 293
1413,199,Party Mode 939
1414,555,Chill Sunday 205
1415,1000,Late Night Vibes 139
1416,775,Indie Discoveries 76
1417,92,Chill Sunday 177
1418,851,Party Mode 456
1419,959,Late Night Vibes 830
1420,84,Party Mode 991
1421,300,Indie Discoveries 328
1422,935,Party Mode 356
1423,296,Party Mode 67
1424,647,Study Session 556
1425,454,Roadtrip Classics 913
1426,281,Roadtrip Classics 872
1427,59,Gym Motivation 729
1428,909,Party Mode 950
1429,871,Party Mode 654
1430,1000,Gym Motivation 813
1431,342,Roadtrip Classics 521
1432,753,Gym Motivation 125
1433,465,Gym Motivation 812
1434,880,Gym Motivation 243
1435,342,Indie Discoveries 506
1436,610,Late Night Vibes 370
1437,62,Study Session 587
1438,776,Roadtrip Classics 479
1439,625,Indie Discoveries 565
1440,429,Gym Motivation 627
1441,658,Late Night Vibes 68
1442,728,Roadtrip Classics 408
1443,256,Party Mode 737
1444,828,Chill Sunday 539
1445,828,Chill Sunday 788
1446,874,Chill Sunday 844
1447,770,Study Session 76
1448,706,Gym Motivation 996
1449,347,Roadtrip Classics 658
1450,526,Late Night Vibes 461
1451,304,Chill Sunday 697
1452,615,Study Session 353
1453,245,Gym Motivation 900
1454,757,Indie Discoveries 799
1455,824,Study Session 656
1456,780,Study Session 187
1457,736,Indie Discoveries 990
1458,732,Gym Motivation 444
1459,823,Study Session 933
1460,412,Indie Discoveries 57
1461,878,Indie Discoveries 128
1462,217,Study Session 157
1463,516,Roadtrip Classics 169
1464,474,Gym Motivation 331
1465,36,Party Mode 231
1466,178,Roadtrip Classics 971
1467,387,Study Session 917
1468,769,Roadtrip Classics 867
1469,17,Late Night Vibes 257
1470,711,Gym Motivation 651
1471,830,Study Session 282
1472,48,Gym Motivation 641
1473,62,Roadtrip Classics 630
1474,69,Study Session 96
1475,659,Study Session 657
1476,871,Gym Motivation 607
1477,366,Study Session 158
1478,162,Gym Motivation 675
1479,739,Study Session 738
1480,945,Study Session 346
1481,976,Indie Discoveries 947
1482,488,Study Session 43
1483,431,Indie Discoveries 885
1484,999,Late Night Vibes 84
1485,859,Late Night Vibes 972
1486,489,Party Mode 790
1487,230,Study Session 272
1488,370,Party Mode 216
1489,178,Indie Discoveries 586
1490,857,Chill Sunday 633
1491,410,Party Mode 32
1492,568,Chill Sunday 911
1493,590,Party Mode 559
1494,270,Roadtrip Classics 658
1495,206,Roadtrip Classics 495
1496,793,Gym Motivation 825
1497,740,Indie Discoveries 702
1498,900,Chill Sunday 305
1499,751,Chill Sunday 75
1500,975,Party Mode 62
1501,800,Gym Motivation 451
1502,82,Chill Sunday 496
1503,846,Chill Sunday 209
1504,762,Roadtrip Classics 622
1505,193,Gym Motivation 321
1506,618,Indie Discoveries 736
1507,189,Roadtrip Classics 752
1508,276,Indie Discoveries 354
1509,74,Chill Sunday 134
1510,10,Indie Discoveries 380
1511,635,Study Session 576
1512,216,Late Night Vibes 327
1513,290,Gym Motivation 478
1514,445,Late Night Vibes 274
1515,988,Chill Sunday 254
1516,923,Gym Motivation 100
1517,552,Late Night Vibes 298
1518,193,Chill Sunday 885
1519,639,Study Session 429
1520,289,Gym Motivation 986
1521,964,Indie Discoveries 924
1522,583,Gym Motivation 834
1523,649,Roadtrip Classics 957
1524,144,Study Session 739
1525,389,Roadtrip Classics 195
1526,866,Indie Discoveries 164
1527,892,Chill Sunday 528
1528,407,Chill Sunday 511
1529,811,Roadtrip Classics 510
1530,370,Late Night Vibes 93
1531,857,Chill Sunday 518
1532,441,Chill Sunday 990
1533,947,Gym Motivation 221
1534,781,Study Session 362
1535,896,Late Night Vibes 52
1536,920,Roadtrip Classics 507
1537,651,Study Session 904
1538,564,Indie Discoveries 670
1539,529,Party Mode 482
1540,677,Roadtrip Classics 550
1541,13,Late Night Vibes 868
1542,702,Late Night Vibes 442
1543,987,Gym Motivation 904
1544,340,Roadtrip Classics 745
1545,865,Roadtrip Classics 783
1546,874,Chill Sunday 375
1547,864,Late Night Vibes 411
1548,776,Late Night Vibes 584
1549,312,Study Session 200
1550,733,Roadtrip Classics 567
1551,104,Roadtrip Classics 76
1552,339,Chill Sunday 517
1553,198,Chill Sunday 783
1554,300,Study Session 287
1555,444,Indie Discoveries 639
1556,359,Party Mode 626
1557,368,Late Night Vibes 132
1558,169,Late Night Vibes 404
1559,149,Roadtrip Classics 814
1560,761,Roadtrip Classics 572
1561,768,Roadtrip Classics 774
1562,982,Gym Motivation 204
1563,42,Study Session 522
1564,202,Chill Sunday 513
1565,970,Late Night Vibes 47
1566,244,Late Night Vibes 141
1567,669,Party Mode 342
1568,464,Indie Discoveries 486
1569,449,Study Session 468
1570,913,Gym Motivation 621
1571,798,Study Session 144
1572,794,Roadtrip Classics 954
1573,437,Study Session 327
1574,893,Gym Motivation 403
1575,750,Study Session 758
1576,531,Indie Discoveries 307
1577,565,Study Session 345
1578,597,Study Session 849
1579,273,Study Session 546
1580,430,Chill Sunday 726
1581,872,Study Session 307
1582,213,Chill Sunday 836
1583,949,Late Night Vibes 378
1584,873,Roadtrip Classics 690
1585,104,Late Night Vibes 427
1586,192,Study Session 316
1587,941,Indie Discoveries 921
1588,689,Party Mode 894
1589,659,Party Mode 645
1590,380,Late Night Vibes 612
1591,967,Chill Sunday 272
1592,81,Party Mode 802
1593,705,Indie Discoveries 593
1594,549,Study Session 234
1595,377,Party Mode 53
1596,838,Study Session 492
1597,154,Gym Motivation 537
1598,642,Party Mode 739
1599,571,Study Session 794
1600,736,Indie Discoveries 390
1601,761,Gym Motivation 842
1602,240,Party Mode 249
1603,374,Late Night Vibes 587
1604,901,Party Mode 113
1605,805,Gym Motivation 20
1606,799,Chill Sunday 322
1607,204,Chill Sunday 156
1608,611,Chill Sunday 708
1609,350,Gym Motivation 421
1610,688,Study Session 794
1611,774,Study Session 943
1612,783,Chill Sunday 894
1613,143,Indie Discoveries 754
1614,189,Party Mode 64
1615,272,Party Mode 142
1616,532,Study Session 213
1617,845,Study Session 333
1618,300,Party Mode 490
1619,426,Study Session 386
1620,46,Roadtrip Classics 980
1621,95,Gym Motivation 471
1622,930,Study Session 351
1623,64,Study Session 363
1624,413,Party Mode 791
1625,643,Indie Discoveries 739
1626,9,Party Mode 659
1627,459,Indie Discoveries 710
1628,715,Roadtrip Classics 625
1629,409,Chill Sunday 197
1630,470,Gym Motivation 286
1631,810,Study Session 306
1632,506,Gym Motivation 965
1633,686,Roadtrip Classics 790
1634,73,Roadtrip Classics 722
1635,84,Gym Motivation 707
1636,59,Party Mode 501
1637,21,Roadtrip Classics 492
1638,458,Roadtrip Classics 574
1639,918,Indie Discoveries 739
1640,157,Roadtrip Classics 295
1641,831,Late Night Vibes 588
1642,329,Party Mode 557
1643,573,Chill Sunday 918
1644,576,Chill Sunday 839
1645,837,Roadtrip Classics 978
1646,680,Indie Discoveries 824
1647,203,Gym Motivation 298
1648,641,Late Night Vibes 295
1649,757,Party Mode 81
1650,106,Roadtrip Classics 947
1651,833,Chill Sunday 672
1652,122,Roadtrip Classics 766
1653,318,Chill Sunday 220
1654,182,Gym Motivation 848
1655,615,Study Session 278
1656,316,Study Session 713
1657,814,Roadtrip Classics 141
1658,773,Late Night Vibes 631
1659,625,Party Mode 601
1660,406,Gym Motivation 249
1661,986,Late Night Vibes 686
1662,949,Study Session 232
1663,70,Party Mode 239
1664,160,Late Night Vibes 103
1665,240,Chill Sunday 339
1666,523,Party Mode 484
1667,138,Late Night Vibes 698
1668,495,Indie Discoveries 141
1669,679,Late Night Vibes 988
1670,247,Study Session 952
1671,866,Gym Motivation 417
1672,543,Party Mode 958
1673,524,Chill Sunday 489
1674,243,Party Mode 205
1675,620,Indie Discoveries 988
1676,336,Roadtrip Classics 329
1677,422,Roadtrip Classics 662
1678,835,Late Night Vibes 930
1679,194,Indie Discoveries 92
1680,308,Party Mode 588
1681,645,Gym Motivation 548
1682,907,Party Mode 741
1683,506,Indie Discoveries 960
1684,281,Late Night Vibes 936
1685,803,Gym Motivation 428
1686,675,Indie Discoveries 181
1687,790,Late Night Vibes 857
1688,933,Chill Sunday 807
1689,982,Chill Sunday 191
1690,439,Party Mode 986
1691,715,Indie Discoveries 949
1692,608,Roadtrip Classics 898
1693,483,Late Night Vibes 10
1694,223,Roadtrip Classics 582
1695,749,Study Session 110
1696,117,Roadtrip Classics 292
1697,968,Chill Sunday 657
1698,192,Study Session 537
1699,788,Chill Sunday 911
1700,618,Gym Motivation 872
1701,994,Study Session 480
1702,516,Roadtrip Classics 198
1703,530,Indie Discoveries 116
1704,307,Roadtrip Classics 167
1705,964,Party Mode 470
1706,532,Party Mode 264
1707,122,Party Mode 191
1708,649,Late Night Vibes 755
1709,592,Roadtrip Classics 810
1710,154,Roadtrip Classics 582
1711,870,Party Mode 776
1712,537,Gym Motivation 180
1713,452,Study Session 877
1714,169,Party Mode 919
1715,59,Chill Sunday 847
1716,301,Chill Sunday 528
1717,553,Roadtrip Classics 89
1718,550,Chill Sunday 686
1719,117,Late Night Vibes 190
1720,787,Gym Motivation 489
1721,782,Roadtrip Classics 959
1722,127,Gym Motivation 7
1723,405,Roadtrip Classics 393
1724,399,Gym Motivation 458
1725,515,Indie Discoveries 274
1726,805,Roadtrip Classics 310
1727,885,Study Session 741
1728,498,Study Session 12
1729,942,Roadtrip Classics 670
1730,528,Roadtrip Classics 710
1731,398,Gym Motivation 64
1732,265,Party Mode 122
1733,751,Chill Sunday 315
1734,263,Gym Motivation 416
1735,398,Party Mode 515
1736,646,Party Mode 789
1737,725,Roadtrip Classics 707
1738,527,Late Night Vibes 655
1739,436,Roadtrip Classics 377
1740,840,Study Session 227
1741,930,Gym Motivation 981
1742,360,Gym Motivation 490
1743,129,Gym Motivation 466
1744,864,Party Mode 621
1745,634,Roadtrip Classics 426
1746,241,Party Mode 563
1747,627,Chill Sunday 776
1748,709,Study Session 822
1749,222,Party Mode 846
1750,214,Gym Motivation 781
1751,916,Gym Motivation 697
1752,592,Indie Discoveries 611
1753,775,Indie Discoveries 807
1754,135,Late Night Vibes 539
1755,818,Chill Sunday 541
1756,754,Party Mode 371
1757,386,Late Night Vibes 940
1758,303,Study Session 115
1759,782,Late Night Vibes 849
1760,287,Study Session 925
1761,562,Study Session 208
1762,189,Study Session 550
1763,297,Gym Motivation 169
1764,526,Roadtrip Classics 875
1765,389,Study Session 453
1766,459,Late Night Vibes 697
1767,744,Gym Motivation 735
1768,261,Study Session 501
1769,704,Late Night Vibes 921
1770,925,Study Session 457
1771,715,Indie Discoveries 57
1772,773,Chill Sunday 136
1773,113,Study Session 426
1774,886,Chill Sunday 578
1775,864,Late Night Vibes 573
1776,36,Chill Sunday 689
1777,79,Indie Discoveries 316
1778,275,Party Mode 23
1779,960,Chill Sunday 261
1780,278,Indie Discoveries 4
1781,674,Party Mode 224
1782,312,Study Session 75
1783,529,Late Night Vibes 434
1784,204,Roadtrip Classics 718
1785,985,Late Night Vibes 555
1786,952,Late Night Vibes 958
1787,17,Late Night Vibes 957
1788,714,Chill Sunday 33
1789,476,Roadtrip Classics 419
1790,511,Gym Motivation 788
1791,210,Gym Motivation 785
1792,499,Party Mode 747
1793,402,Party Mode 987
1794,429,Chill Sunday 384
1795,992,Chill Sunday 460
1796,78,Indie Discoveries 940
1797,568,Chill Sunday 385
1798,80,Late Night Vibes 700
1799,306,Party Mode 896
1800,58,Study Session 137
1801,530,Party Mode 881
1802,208,Roadtrip Classics 122
1803,511,Gym Motivation 551
1804,977,Chill Sunday 542
1805,135,Gym Motivation 746
1806,844,Gym Motivation 855
1807,994,Late Night Vibes 775
1808,522,Late Night Vibes 306
1809,581,Chill Sunday 690
1810,853,Party Mode 558
1811,899,Chill Sunday 545
1812,83,Chill Sunday 844
1813,621,Gym Motivation 254
1814,44,Chill Sunday 355
1815,483,Gym Motivation 283
1816,966,Gym Motivation 960
1817,910,Party Mode 784
1818,644,Late Night Vibes 33
1819,493,Indie Discoveries 677
1820,499,Chill Sunday 630
1821,18,Indie Discoveries 959
1822,605,Late Night Vibes 247
1823,995,Gym Motivation 69
1824,948,Late Night Vibes 609
1825,294,Late Night Vibes 458
1826,976,Study Session 689
1827,148,Party Mode 894
1828,472,Late Night Vibes 251
1829,995,Party Mode 46
1830,172,Chill Sunday 450
1831,563,Gym Motivation 553
1832,531,Gym Motivation 773
1833,120,Indie Discoveries 795
1834,836,Late Night Vibes 144
1835,737,Study Session 297
1836,66,Gym Motivation 836
1837,141,Party Mode 590
1838,446,Roadtrip Classics 592
1839,506,Study Session 792
1840,189,Party Mode 839
1841,158,Roadtrip Classics 243
1842,610,Roadtrip Classics 898
1843,670,Gym Motivation 677
1844,947,Study Session 227
1845,246,Chill Sunday 308
1846,856,Roadtrip Classics 63
1847,944,Study Session 972
1848,748,Study Session 901
1849,33,Party Mode 934
1850,361,Gym Motivation 642
1851,753,Party Mode 438
1852,330,Study Session 508
1853,512,Late Night Vibes 996
1854,850,Roadtrip Classics 965
1855,787,Party Mode 688
1856,71,Chill Sunday 805
1857,313,Study Session 327
1858,915,Party Mode 427
1859,728,Chill Sunday 153
1860,79,Roadtrip Classics 386
1861,169,Gym Motivation 773
1862,810,Study Session 485
1863,983,Gym Motivation 870
1864,180,Gym Motivation 308
1865,628,Indie Discoveries 725
1866,260,Gym Motivation 826
1867,486,Chill Sunday 937
1868,772,Late Night Vibes 576
1869,5,Chill Sunday 992
1870,297,Chill Sunday 571
1871,620,Study Session 138
1872,855,Chill Sunday 249
1873,360,Roadtrip Classics 209
1874,117,Roadtrip Classics 663
1875,357,Late Night Vibes 945
1876,957,Chill Sunday 868
1877,843,Roadtrip Classics 95
1878,439,Study Session 742
1879,331,Indie Discoveries 196
1880,525,Late Night Vibes 275
1881,654,Chill Sunday 690
1882,188,Study Session 618
1883,968,Late Night Vibes 895
1884,281,Late Night Vibes 193
1885,511,Indie Discoveries 780
1886,466,Study Session 742
1887,115,Party Mode 573
1888,940,Gym Motivation 491
1889,236,Gym Motivation 891
1890,338,Roadtrip Classics 311
1891,522,Late Night Vibes 217
1892,199,Gym Motivation 986
1893,764,Party Mode 121
1894,50,Party Mode 773
1895,940,Chill Sunday 937
1896,142,Gym Motivation 713
1897,783,Study Session 721
1898,528,Gym Motivation 407
1899,514,Gym Motivation 566
1900,670,Roadtrip Classics 795
1901,30,Roadtrip Classics 390
1902,82,Chill Sunday 547
1903,31,Party Mode 368
1904,748,Roadtrip Classics 268
1905,333,Roadtrip Classics 526
1906,660,Chill Sunday 478
1907,177,Late Night Vibes 823
1908,370,Party Mode 481
1909,547,Indie Discoveries 860
1910,535,Roadtrip Classics 937
1911,106,Gym Motivation 380
1912,97,Roadtrip Classics 424
1913,230,Late Night Vibes 577
1914,227,Indie Discoveries 227
1915,371,Party Mode 150
1916,100,Late Night Vibes 268
1917,445,Study Session 958
1918,468,Study Session 594
1919,55,Party Mode 428
1920,195,Roadtrip Classics 157
1921,520,Gym Motivation 338
1922,424,Gym Motivation 389
1923,315,Study Session 854
1924,128,Gym Motivation 512
1925,32,Study Session 671
1926,93,Party Mode 346
1927,519,Roadtrip Classics 782
1928,258,Indie Discoveries 501
1929,853,Party Mode 658
1930,902,Party Mode 503
1931,220,Chill Sunday 173
1932,752,Party Mode 815
1933,106,Roadtrip Classics 174
1934,548,Gym Motivation 738
1935,416,Study Session 501
1936,557,Gym Motivation 939
1937,810,Study Session 658
1938,309,Late Night Vibes 537
1939,366,Late Night Vibes 860
1940,521,Indie Discoveries 77
1941,459,Indie Discoveries 685
1942,599,Late Night Vibes 783
1943,370,Late Night Vibes 423
1944,331,Gym Motivation 863
1945,689,Party Mode 237
1946,642,Late Night Vibes 725
1947,707,Gym Motivation 10
1948,11,Gym Motivation 518
1949,818,Chill Sunday 383
1950,507,Late Night Vibes 633
1951,419,Party Mode 683
1952,122,Study Session 935
1953,911,Chill Sunday 676
1954,235,Chill Sunday 17
1955,331,Late Night Vibes 545
1956,543,Study Session 422
1957,348,Late Night Vibes 18
1958,958,Study Session 740
1959,412,Roadtrip Classics 549
1960,224,Roadtrip Classics 18
1961,153,Study Session 833
1962,212,Party Mode 691
1963,92,Chill Sunday 826
1964,921,Gym Motivation 110
1965,331,Late Night Vibes 537
1966,467,Gym Motivation 247
1967,860,Gym Motivation 635
1968,641,Study Session 259
1969,955,Indie Discoveries 363
1970,709,Roadtrip Classics 815
1971,970,Chill Sunday 81
1972,554,Roadtrip Classics 983
1973,878,Chill Sunday 471
1974,930,Study Session 250
1975,228,Party Mode 232
1976,194,Roadtrip Classics 701
1977,530,Indie Discoveries 869
1978,845,Late Night Vibes 670
1979,243,Indie Discoveries 666
1980,389,Indie Discoveries 33
1981,276,Late Night Vibes 416
1982,450,Chill Sunday 387
1983,639,Study Session 488
1984,587,Late Night Vibes 653
1985,574,Late Night Vibes 720
1986,478,Gym Motivation 85
1987,480,Chill Sunday 866
1988,288,Chill Sunday 661
1989,698,Indie Discoveries 340
1990,690,Study Session 879
1991,678,Late Night Vibes 917
1992,695,Study Session 942
1993,540,Late Night Vibes 236
1994,330,Gym Motivation 923
1995,470,Indie Discoveries 709
1996,759,Study Session 487
1997,849,Roadtrip Classics 48
1998,534,Late Night Vibes 701
1999,939,Roadtrip Classics 921
2000,467,Study Session 578
