id,username,subscription
1,smithrandall,free
2,yfrazier,family
3,donnaoliver,premium
4,morgangonzalez,premium
5,lewismichael,free
6,gina55,free
7,stephanierobinson,free
8,davidhernandez,premium
9,davidwarner,premium
10,nathaniel90,premium
11,danielleking,free
12,zfisher,family
13,regina95,premium
14,mariehaynes,free
15,jameskeller,free
16,johnpalmer,free
17,rking,free
18,benjamin01,premium
19,misty28,free
20,cobbterri,free
21,tayloramber,premium
22,hcoleman,free
23,aliciarobbins,free
24,heatherhenson,free
25,orichards,free
26,jessicadickerson,premium
27,breanna96,free
28,jenniferallen,premium
29,tuckerdebra,premium
30,brian66,free
31,olsenkim,premium
32,erinwilliams,free
33,graycorey,free
34,isilva,family
35,kbarker,family
36,andrewmurphy,premium
37,athomas,free
38,pwalsh,free
39,phillipperry,premium
40,debramartinez,free
41,bkirk,free
42,greeneandrea,free
43,riveramonique,free
44,oandrews,family
45,tinatucker,free
46,ryanramsey,premium
47,alittle,free
48,juliebauer,premium
49,mary49,premium
50,bushrichard,free
51,schase,family
52,chadroberts,premium
53,pattonlarry,family
54,tonyathomas,premium
55,qcampbell,premium
56,tammyrichardson,family
57,jamesjackson,free
58,fthompson,free
59,samuel85,free
60,jennifer81,free
61,dwilliams,free
62,vhammond,free
63,nbailey,premium
64,timothy57,free
65,jonathon95,free
66,kathryn81,premium
67,brittney51,free
68,wyattvalerie,premium
69,kristinathomas,free
70,gnorton,family
71,nelsonkevin,premium
72,daniellebrown,free
73,wmoore,free
74,taylorjonathan,premium
75,ysullivan,premium
76,wwest,premium
77,smithcraig,premium
78,lopezsteven,free
79,michaeltapia,free
80,cheryljennings,free
81,virginiawest,premium
82,brownelizabeth,premium
83,beverly24,free
84,peterboyd,free
85,cookbrandon,free
86,timothylee,free
87,oedwards,premium
88,krystal99,premium
89,hardyelizabeth,premium
90,tpeterson,free
91,cynthia53,free
92,stonesarah,premium
93,garzaamanda,premium
94,edwardmcbride,premium
95,deborah85,premium
96,myersdeanna,free
97,arielruiz,premium
98,rdouglas,free
99,jreynolds,free
100,victoriasweeney,free
101,foxchad,free
102,eric96,premium
103,matthew63,free
104,hawkinsanna,premium
105,trevinokelsey,family
106,thomascooper,free
107,ogiles,free
108,hamiltongeorge,premium
109,clarkekimberly,free
110,mcclureveronica,free
111,jenniferbrown,free
112,qmorrison,free
113,halljustin,family
114,amberfernandez,premium
115,gjones,premium
116,rhondaswanson,premium
117,alan48,premium
118,kristinapatterson,free
119,mhoward,premium
120,ebonyruiz,premium
121,ambersimpson,premium
122,melendezkevin,premium
123,lisa76,free
124,williameaton,free
125,jamespittman,free
126,boonevictor,free
127,mariahdavis,premium
128,ruben15,premium
129,psalas,free
130,mccartykimberly,premium
131,rgreene,free
132,susan84,free
133,ericfox,free
134,stacydavis,free
135,larsonmartin,family
136,andrew93,free
137,colecody,premium
138,lvelasquez,premium
139,millerbrad,free
140,david89,family
141,mariacrawford,family
142,brianlee,free
143,kimberlycantrell,free
144,kevin32,free
145,xgraham,free
146,ybrown,free
147,courtneymendoza,premium
148,vhardy,premium
149,christina93,free
150,joe42,free
151,marissa40,family
152,rmoore,free
153,jessica96,free
154,robertbecker,free
155,fgarrett,family
156,sbrown,free
157,leemichael,premium
158,richard20,premium
159,garciacarolyn,free
160,freymadison,premium
161,caitlinjones,free
162,rtaylor,premium
163,xrichards,premium
164,tsmith,premium
165,lmendoza,free
166,emason,premium
167,hgreen,free
168,hcuevas,free
169,reginafisher,free
170,lnash,premium
171,andrew82,premium
172,rose38,free
173,ywagner,premium
174,emilysanford,free
175,bill66,premium
176,rebeccagonzalez,free
177,hawkinschelsea,premium
178,colleenparker,free
179,kathleenallen,family
180,emmahancock,free
181,kgrimes,free
182,clee,free
183,vking,family
184,jmckenzie,premium
185,stacy17,free
186,tiffany19,premium
187,stevenmcgee,premium
188,hernandezeric,premium
189,clintonashley,premium
190,stacey57,free
191,upatterson,free
192,uwood,premium
193,larry77,family
194,freemanbrittney,premium
195,ricky02,free
196,tracy47,free
197,justin23,premium
198,smallbrian,premium
199,todd77,premium
200,waltergonzalez,premium
201,timothy41,premium
202,michelleroberts,free
203,jacob15,free
204,udavis,premium
205,ygreen,premium
206,singhjason,free
207,williamsnathaniel,free
208,jodybrock,premium
209,gloriawhite,free
210,fgarcia,free
211,melissa38,premium
212,timothyking,premium
213,rachelmorgan,premium
214,kfoster,free
215,greg48,premium
216,duffysteven,free
217,silvalaura,free
218,mcdonaldkristina,premium
219,ireynolds,premium
220,dawnthompson,premium
221,rdavis,premium
222,kristen53,premium
223,emily96,free
224,brockkristen,free
225,scott03,free
226,qellison,free
227,jacksonjames,family
228,gburns,free
229,joseph84,premium
230,lelliott,premium
231,johntaylor,premium
232,kelliott,premium
233,martinmadison,premium
234,andrewberger,free
235,josephmitchell,free
236,martinezmichael,premium
237,david03,free
238,sbaker,free
239,jon73,premium
240,haydenvazquez,free
241,nicholas46,family
242,kimdaniel,family
243,andrew58,family
244,jacksonkristen,free
245,fburnett,free
246,vstone,family
247,rodriguezrandall,free
248,kjennings,family
249,thomasblake,family
250,ashley43,premium
251,timothy23,free
252,bowersstephen,free
253,christopher46,premium
254,rho,free
255,freemanjennifer,free
256,kayleemartinez,premium
257,joanne52,family
258,brightjulie,premium
259,dporter,premium
260,dlopez,free
261,vking,premium
262,jessica72,family
263,shannonchristine,free
264,amyperry,premium
265,bshaffer,premium
266,xsnyder,premium
267,robert50,premium
268,galexander,premium
269,troy88,free
270,jacob12,free
271,jessica78,premium
272,patricia52,premium
273,torresariel,premium
274,misty08,family
275,dfox,premium
276,rking,premium
277,faulknerjessica,premium
278,ogray,premium
279,dustin12,premium
280,jeremymarshall,premium
281,gabriellawashington,premium
282,stevenhernandez,free
283,nicholas82,free
284,christian52,free
285,xwalker,premium
286,robertscrystal,free
287,alexandra61,free
288,diazellen,premium
289,amymartinez,free
290,kimberly12,premium
291,hwebb,free
292,iquinn,free
293,briannadean,premium
294,devongutierrez,free
295,patricia97,free
296,amber43,premium
297,eperry,premium
298,zgarner,free
299,ejohnson,premium
300,thomas71,free
301,jonathan71,free
302,courtney75,premium
303,angelacastillo,premium
304,bcalhoun,premium
305,christopher64,premium
306,reyesemily,family
307,kvalenzuela,premium
308,uhenderson,free
309,greenemaria,premium
310,katiecastillo,free
311,mthompson,free
312,william90,free
313,debrahart,free
314,briannajuarez,family
315,oscarmartinez,premium
316,ericlong,premium
317,thomaslloyd,free
318,charlespreston,free
319,anthony93,free
320,danieljohnson,free
321,browndebra,premium
322,pagejoseph,premium
323,franklewis,premium
324,maureencook,free
325,johnsonsherri,family
326,kellerjeffrey,premium
327,mark93,premium
328,michael33,premium
329,williamsscott,free
330,rosschristopher,free
331,evansmichael,free
332,mathismadison,premium
333,townsendcheryl,free
334,heatherhuff,free
335,ajohnson,free
336,kimschneider,free
337,jerry96,premium
338,michaelbishop,premium
339,lvargas,free
340,brendanweiss,free
341,seanrichardson,free
342,gilbertkatherine,free
343,qnewton,free
344,brian74,free
345,katherineperez,free
346,louisbrady,premium
347,angelanixon,premium
348,bryan92,free
349,michael76,free
350,bwilson,premium
351,lisaneal,premium
352,gmartin,premium
353,justincarrillo,premium
354,nichole45,free
355,ronaldwest,free
356,ramirezmichelle,premium
357,zstewart,free
358,pricecraig,premium
359,sharon34,family
360,shannoncampos,premium
361,brandy97,free
362,taylorhannah,premium
363,carla03,free
364,samanthawalters,premium
365,stephenscott,family
366,lauren53,free
367,dberry,family
368,castanedajoseph,family
369,ohicks,free
370,charlesdouglas,free
371,danielmoses,free
372,bryansmith,free
373,ljohnson,free
374,jjones,premium
375,donnawilson,free
376,masondonna,free
377,katherinesmith,premium
378,vpalmer,free
379,tateandrea,premium
380,carolyn85,free
381,taylor24,free
382,seanthornton,premium
383,gregorymurphy,premium
384,cynthia11,premium
385,jennifer52,premium
386,grimesmatthew,premium
387,timfarmer,free
388,floydjenny,free
389,hwilliams,premium
390,jeffreyjohnson,premium
391,nwhitaker,family
392,marylewis,free
393,vmerritt,free
394,williambush,premium
395,whitney90,free
396,ffoster,family
397,longtiffany,premium
398,ashley54,free
399,meganmitchell,premium
400,simonantonio,premium
401,thomaschristopher,free
402,schroederjessica,family
403,antonioperry,premium
404,kennethpetty,premium
405,hardygabriel,free
406,wwest,premium
407,wmclean,free
408,swhite,free
409,gregoryedwards,family
410,koconnor,free
411,nstrickland,free
412,oharris,family
413,kwilson,family
414,alexanderguerrero,premium
415,michael49,premium
416,barrettangela,free
417,ifranklin,free
418,fmarshall,free
419,nashbrady,premium
420,vmorales,premium
421,laurenwalter,premium
422,wilsonscott,premium
423,sandersbrian,free
424,vincentelliott,free
425,stephanie56,free
426,ericakim,premium
427,uburke,free
428,gwendolynmckenzie,premium
429,jessemartin,free
430,gryan,free
431,vmooney,free
432,amandakelly,premium
433,rhall,premium
434,amandaspence,free
435,sherri03,free
436,jeremynelson,premium
437,michelle81,free
438,theresaadams,premium
439,toniberger,premium
440,janicebender,free
441,monica44,free
442,tcollins,family
443,wilsonpaula,free
444,cclark,free
445,smithderek,premium
446,denniswu,family
447,greeneryan,family
448,brownrandy,premium
449,jasonsampson,free
450,julie96,free
451,daviskelly,premium
452,obailey,premium
453,richard22,free
454,aphillips,family
455,llambert,free
456,dana86,free
457,danielcastillo,free
458,sandersjason,free
459,eric54,free
460,jacksonallen,free
461,norrismark,free
462,umurphy,premium
463,darrellholder,premium
464,alan28,premium
465,nicholasboyd,family
466,michael69,free
467,yrice,free
468,ggreen,premium
469,james61,free
470,vanderson,family
471,davidwaller,free
472,zgarcia,family
473,christopher57,free
474,john35,premium
475,joneskelly,premium
476,robin83,family
477,kevinroberson,free
478,xcampbell,premium
479,jody19,family
480,bryanttravis,premium
481,newmanwanda,premium
482,plamb,premium
483,marysandoval,free
484,kimberlywolf,premium
485,emiller,premium
486,brayalexandra,family
487,eduardojohnson,free
488,anthonyflores,free
489,jenkinsmichael,family
490,christopherbennett,premium
491,shawn87,free
492,jaimegarcia,premium
493,sobrien,free
494,christine03,free
495,vargasnoah,free
496,maria86,free
497,lisa80,premium
498,mroman,free
499,douglas18,family
500,jonesanthony,family
501,alexissmith,premium
502,fmills,premium
503,michelle07,free
504,davidsongina,premium
505,banksangela,premium
506,johnburgess,free
507,danielcallahan,family
508,anthony96,premium
509,duffyashley,family
510,emcneil,premium
511,xmiller,premium
512,nathan75,free
513,peggy37,family
514,jefferybaker,premium
515,suzanne38,free
516,sjohnson,free
517,christina28,free
518,umorris,premium
519,utorres,family
520,xarnold,free
521,jamesharris,premium
522,nwebb,free
523,sharon27,family
524,collinsdaniel,premium
525,shannonmckinney,premium
526,jessica15,free
527,montgomeryrobin,free
528,whitemargaret,free
529,shaunhenson,free
530,john09,premium
531,timothy45,premium
532,ymcdonald,family
533,dgood,family
534,kyle90,premium
535,lvazquez,premium
536,angelafarley,family
537,jessica78,premium
538,morrisrichard,free
539,kingdavid,free
540,whitewilliam,free
541,andrea39,family
542,daniellekramer,premium
543,amandacrane,free
544,johnsonmelissa,premium
545,fhurst,premium
546,ydiaz,free
547,whitejeffrey,free
548,martineztyler,premium
549,oliviamora,premium
550,katherinestephens,premium
551,justin42,premium
552,audrey29,premium
553,michael93,premium
554,jeffreysampson,premium
555,brandonyoung,premium
556,zrasmussen,free
557,harrispamela,free
558,rebeccabrown,free
559,morsecalvin,premium
560,ejones,premium
561,iwalker,premium
562,james30,free
563,staceybailey,free
564,wwatkins,free
565,amartinez,free
566,adam16,premium
567,pamela81,free
568,jennifer74,free
569,millermichael,family
570,danielleriggs,free
571,ballardlauren,premium
572,patrickmichael,premium
573,ngibson,free
574,johnsonmargaret,premium
575,melissapierce,premium
576,ppayne,family
577,sfitzpatrick,free
578,wmoody,family
579,shernandez,free
580,davidbrooks,free
581,vbell,free
582,jimmydoyle,family
583,campbellkristy,free
584,josephgeorge,free
585,huntvictor,premium
586,robinsonvictoria,free
587,nstephens,free
588,ncarrillo,free
589,zrivers,free
590,tonyathompson,free
591,jacobmichael,free
592,todd04,premium
593,brittanywilkins,free
594,lucasclark,free
595,clementshoward,premium
596,pzhang,free
597,thompsonsusan,premium
598,aestrada,free
599,howardashley,free
600,josephperez,free
601,ywelch,free
602,john47,free
603,vjennings,free
604,billyhunt,free
605,nicole54,free
606,ramosanne,free
607,dukewendy,free
608,ochoakaren,free
609,carterjohn,premium
610,adam25,premium
611,nicholas04,free
612,francisgina,premium
613,nicholsterry,premium
614,vangheather,free
615,charles31,premium
616,matthewevans,family
617,marissa60,free
618,huffellen,free
619,rwagner,premium
620,gcooper,premium
621,gharris,free
622,lwright,free
623,njohnson,free
624,christinacampbell,free
625,marcia84,premium
626,wbond,free
627,gsherman,free
628,ralvarez,premium
629,tammyarellano,free
630,nathan39,free
631,jrobinson,premium
632,kdavis,premium
633,monica98,premium
634,brian63,premium
635,billy06,free
636,rebecca72,free
637,joseph37,premium
638,bphillips,free
639,ypeters,free
640,mmorris,free
641,joseph58,free
642,allenstephanie,free
643,zevans,free
644,janetpatterson,free
645,collin13,free
646,sandrews,premium
647,mirandaschroeder,premium
648,conniediaz,premium
649,fmontgomery,premium
650,dmcdaniel,free
651,zharris,free
652,uharrison,premium
653,catherine09,premium
654,dreese,premium
655,charles31,free
656,ryan61,free
657,jeffreyhicks,free
658,xmurray,free
659,lsantos,premium
660,anthony86,premium
661,mwalters,free
662,christine54,family
663,carlamorgan,premium
664,rgarcia,free
665,heatherburton,free
666,kirkricky,free
667,scottramirez,free
668,brownandrew,free
669,ecampbell,free
670,andres62,free
671,laurajackson,free
672,clewis,premium
673,christiancooley,free
674,ronald00,premium
675,michael04,free
676,gonzalezwilliam,family
677,ajohnson,free
678,nshannon,free
679,padams,family
680,wilsonpamela,premium
681,andrewcross,premium
682,wlloyd,free
683,alicia97,free
684,vpatton,premium
685,williamanderson,family
686,richard57,premium
687,kimberlyroth,premium
688,ospencer,free
689,etucker,premium
690,ellischad,free
691,turnerbrian,free
692,whughes,free
693,jared97,premium
694,joeldillon,free
695,briansmith,free
696,sandra05,premium
697,xedwards,free
698,michael71,premium
699,jackharris,free
700,richardnelson,free
701,gutierrezmark,premium
702,jadebuckley,free
703,johnsondennis,free
704,hmalone,free
705,victoriadouglas,free
706,ccopeland,family
707,davisjames,free
708,brianbarnes,premium
709,smithrobert,free
710,daniel80,premium
711,hpeterson,premium
712,davissarah,premium
713,greenrita,free
714,nicholas72,free
715,yhall,free
716,tony42,family
717,brianandrews,premium
718,joshua62,family
719,ymccarty,free
720,davenportdevon,premium
721,sandovalchristopher,family
722,michellerichmond,free
723,ucarter,free
724,uparker,premium
725,amandaavila,premium
726,hickslaura,premium
727,wthomas,free
728,travisholt,premium
729,torresmargaret,free
730,reginald41,free
731,lori21,free
732,connieperry,premium
733,alyssa74,premium
734,deannamartinez,premium
735,scole,free
736,nicholemartinez,premium
737,ellisrichard,free
738,lucas32,premium
739,phillipsnorman,free
740,harrisdaniel,free
741,woodsapril,free
742,alexandermadden,free
743,jameschung,premium
744,dcallahan,premium
745,andrew42,free
746,youngphillip,premium
747,samuel63,free
748,thomasmary,premium
749,reynoldscharles,family
750,roseaaron,premium
751,reginalddavis,free
752,amy44,family
753,elizabeth85,premium
754,charles36,free
755,ortizkenneth,free
756,vmejia,premium
757,michaelsanford,premium
758,webertara,premium
759,john71,premium
760,alexanderpeggy,premium
761,thomasmiles,free
762,danielsutton,free
763,brandonbutler,free
764,lisa06,premium
765,ldixon,free
766,smithrachel,premium
767,tami62,premium
768,zbailey,premium
769,jacob19,free
770,parsonscharles,premium
771,diana87,free
772,luisjacobson,premium
773,matthewlara,free
774,jgray,free
775,ryanmelissa,premium
776,gregory21,free
777,hannah65,free
778,daviddyer,premium
779,blyons,premium
780,meghan38,premium
781,hectorgarcia,premium
782,josephsparks,premium
783,donnawilliams,free
784,gonzalezcindy,free
785,lauren61,free
786,murraykelly,family
787,jose92,premium
788,angelarichard,free
789,christopherdavis,free
790,kelly67,family
791,jmiller,free
792,manuel35,premium
793,gary69,premium
794,rebecca72,premium
795,susanjohnston,free
796,greendylan,premium
797,pamelawiley,family
798,joanne23,premium
799,mayojohn,premium
800,hurleykara,family
801,nichole01,premium
802,ocoffey,free
803,gomezricky,premium
804,rachael15,premium
805,anthony98,free
806,robert74,premium
807,hillrobert,family
808,rachel76,family
809,jjacobs,free
810,dyork,free
811,jefferyhill,family
812,qvaldez,premium
813,patrick66,free
814,baileyjesse,family
815,chanrobert,premium
816,randycharles,premium
817,ccook,premium
818,vmoore,free
819,james37,free
820,john81,free
821,linda47,premium
822,tylerevans,free
823,mpotts,free
824,pamelahoward,free
825,turnerhunter,premium
826,nancy86,family
827,jason07,free
828,jeremy76,free
829,wilsonapril,premium
830,pedroperez,free
831,owelch,free
832,james24,free
833,xferguson,free
834,zsingleton,free
835,xjacobs,free
836,samantha65,free
837,ojensen,family
838,connercody,free
839,mcgeethomas,premium
840,christopheryu,premium
841,udonaldson,free
842,fblair,premium
843,uhoover,free
844,lydiamendez,family
845,angela66,free
846,ramosnicole,free
847,mbowers,free
848,amanda90,family
849,daniel48,premium
850,nathan13,premium
851,garciajessica,free
852,serranokaren,premium
853,john97,free
854,shepherdchristine,premium
855,williamsaustin,free
856,sgarcia,free
857,nicolejacobs,free
858,davistammy,free
859,anthonybrown,premium
860,fowlernatasha,free
861,ubeltran,premium
862,ewall,free
863,baustin,premium
864,ronald73,free
865,bryantchelsea,free
866,brownjohn,premium
867,abarrett,free
868,hburch,free
869,jchan,premium
870,vlopez,family
871,iobrien,free
872,tdavis,free
873,wstout,premium
874,ssimpson,free
875,mschmidt,free
876,cindyrussell,free
877,fperez,premium
878,cynthiadixon,premium
879,joshua87,free
880,johnsonerika,free
881,xyoung,free
882,stonetina,premium
883,carolynhenson,free
884,millerjoshua,free
885,jacobsdiana,premium
886,oharris,free
887,hillsteven,premium
888,charleswilliams,free
889,laurie03,free
890,lopeztimothy,free
891,ojuarez,premium
892,rharris,premium
893,michaelcarter,premium
894,shahshane,free
895,albertolsen,premium
896,danielle33,free
897,wendy82,free
898,agarrison,premium
899,zmartinez,free
900,rogersdonna,free
901,ckidd,free
902,bhall,free
903,ogillespie,free
904,jonathongarner,premium
905,jjohnson,free
906,shawn17,premium
907,carmencarroll,premium
908,matthew42,free
909,jessesims,free
910,phillipwest,free
911,jaime07,premium
912,millercatherine,free
913,gmartinez,premium
914,donnadavidson,free
915,millertanya,premium
916,danielle68,free
917,chambersmichele,free
918,paynejames,family
919,kylerussell,premium
920,xramirez,free
921,imitchell,premium
922,robertvaldez,free
923,glennsmith,premium
924,jsmith,premium
925,lozanoarthur,free
926,paulamanda,free
927,micheal23,free
928,gallagherjoseph,premium
929,emiller,premium
930,bruce66,free
931,phillip31,free
932,gchambers,premium
933,angeladillon,family
934,ballardkrista,premium
935,zlewis,free
936,mitchellricardo,free
937,ryanroberts,free
938,hendersonnatalie,family
939,samanthareyes,free
940,erik79,premium
941,david07,free
942,daltonflowers,premium
943,hhanson,premium
944,mercervicki,premium
945,pmendez,free
946,adamskinner,free
947,khickman,free
948,mary83,family
949,david33,premium
950,thomaslarry,premium
951,warrenjermaine,premium
952,xavery,premium
953,wrightkara,free
954,melissa25,family
955,sanchezrachel,free
956,jellis,free
957,thomasjoseph,premium
958,brittanyanderson,free
959,lopezjennifer,free
960,owensmary,premium
961,pschwartz,free
962,brianbutler,premium
963,smithalison,free
964,melanie89,free
965,davidchoi,free
966,brucelittle,free
967,millermelissa,premium
968,simmonstina,free
969,briannacardenas,premium
970,nromero,free
971,jason90,premium
972,jerrygomez,family
973,onealjohn,premium
974,hburns,free
975,justin06,free
976,jacksonjames,free
977,kathrynreid,premium
978,christinehaynes,free
979,felicia58,free
980,slandry,premium
981,nicholas58,free
982,zamoraelizabeth,premium
983,kellyrandall,free
984,forbesanthony,free
985,wrobinson,premium
986,lchavez,free
987,linda34,premium
988,juliebell,free
989,aprilwhitehead,free
990,rebecca29,premium
991,thompsongerald,premium
992,morganbush,premium
993,spreston,free
994,christophernichols,premium
995,richardlopez,free
996,colemankimberly,free
997,johnsonsabrina,family
998,csilva,free
999,mary92,family
1000,andrew48,free
